"(2.1737239821494869e-05, 0.00012233398437472287)","[[z^7+z^2+z (mod z^8+1), z^7+z^6+z^4+z+1 (mod z^8+1), z^6+z^5+z^4+z (mod z^8+1)]]"
"(2.3690833267311716e-05, 0.00010430664062506534)","[[z^3+z^2+z (mod z^8+1), z^6+z^4+z^3+z+1 (mod z^8+1), z^7+z^6+z^2+z (mod z^8+1)]]"
"(4.8185662696172454e-05, 0.00014276757812517471)","[[z^7+z^5+z^2 (mod z^8+1), z^7+z^6+z^5+z^4+1 (mod z^8+1), z^7+z^3+z^2+z (mod z^8+1)]]"
"(1.7979441346352702e-05, 0.00011029882812496616)","[[z^5+z^4+z^3+z^2+1 (mod z^8+1), z^6+z^5+z^3 (mod z^8+1), z^7+z^6+z^4+z^2 (mod z^8+1)]]"
"(2.5634562573630759e-05, 0.00010663281250000017)","[[z^3+z^2+z (mod z^8+1), z^6+z^4+z^3+z+1 (mod z^8+1), z^7+z^4+z^3+z^2 (mod z^8+1)]]"
"(2.4650968616888391e-05, 0.00011177539062504072)","[[z^4+z^3+z (mod z^8+1), z^7+z^6+z^5+z^4+z^2 (mod z^8+1), z^5+z^4+z^3+z (mod z^8+1)]]"
"(3.0648659982700003e-05, 0.0001082285156249925)","[[z^3+z+1 (mod z^8+1), z^7+z^6+z^5+z^2+1 (mod z^8+1), z^7+z^5+z^2+z (mod z^8+1)]]"
"(4.3402254803755361e-05, 0.00013826171874997684)","[[z^7+z^5+z^2 (mod z^8+1), z^7+z^6+z^5+z^4+1 (mod z^8+1), z^7+z^4+z^3+z (mod z^8+1)]]"
"(2.6628535147696617e-05, 0.00013041601562552296)","[[z^7+z^5+z^4+z^2+1 (mod z^8+1), z^7+z^6+z^5 (mod z^8+1), z^6+z^5+z^4+z^2 (mod z^8+1)]]"
"(2.3429634015376148e-05, 0.00011587695312512136)","[[z^5+z^3+z^2 (mod z^8+1), z^6+z^5+z^4+z^3+1 (mod z^8+1), z^7+z^6+z^4+z^3 (mod z^8+1)]]"
"(3.7006974619402603e-05, 0.00012120117187480739)","[[z^4+z^3+z^2+z+1 (mod z^8+1), z^6+z^3+z (mod z^8+1), z^4+z^3+z+1 (mod z^8+1)]]"
"(3.6939389458565353e-05, 0.00013582031250014559)","[[z^7+z^5+z^4+z^2+1 (mod z^8+1), z^7+z^6+z^5 (mod z^8+1), z^6+z^3+z^2+1 (mod z^8+1)]]"
"(3.0136674952996333e-05, 0.00012391406250017445)","[[z^6+z^5+z^3+z^2+1 (mod z^8+1), z^7+z+1 (mod z^8+1), z^7+z^5+z+1 (mod z^8+1)]]"
"(2.2435818494814434e-05, 0.0001149648437499956)","[[z^5+z^3+z^2 (mod z^8+1), z^6+z^5+z^4+z^3+1 (mod z^8+1), z^6+z^5+z+1 (mod z^8+1)]]"
"(2.3814665448206385e-05, 0.00010376953125006139)","[[z^3+z^2+z (mod z^8+1), z^6+z^4+z^3+z+1 (mod z^8+1), z^6+z^3+z^2+z (mod z^8+1)]]"
"(2.2144500241955386e-05, 0.00012450390624840768)","[[z^6+z^4+z^3+z^2+z (mod z^8+1), z^7+z^5+z^4 (mod z^8+1), z^6+z^4+z^2+z (mod z^8+1)]]"
"(2.066895137978971e-05, 0.00012519140625005809)","[[z^7+z^4+z^2+z+1 (mod z^8+1), z^7+z^6+z (mod z^8+1), z^7+z^4+z^2+1 (mod z^8+1)]]"
"(2.2638400076973048e-05, 0.0001153378906249003)","[[z^5+z^4+z^3 (mod z^8+1), z^7+z^6+z^4+z^2+z (mod z^8+1), z^6+z^4+z^3+1 (mod z^8+1)]]"
"(1.9190496254061093e-05, 0.00012492187499912877)","[[z^7+z^5+z^4+z^2+1 (mod z^8+1), z^7+z^6+z^5 (mod z^8+1), z^7+z^4+z+1 (mod z^8+1)]]"
"(2.3034331530702014e-05, 0.00012907421874941427)","[[z^7+z^5+z^4+z^2+1 (mod z^8+1), z^7+z^6+z^5 (mod z^8+1), z^7+z^5+z^4+z (mod z^8+1)]]"
"(2.186504761054002e-05, 0.00011709765625012025)","[[z^5+z^3+z^2 (mod z^8+1), z^6+z^5+z^4+z^3+1 (mod z^8+1), z^5+z^4+z^2+1 (mod z^8+1)]]"
"(2.6939905895404193e-05, 0.00012121484374905123)","[[z^6+z^5+z^4+z^3+z^2 (mod z^8+1), z^7+z^4+z (mod z^8+1), z^6+z^5+z^3+z (mod z^8+1)]]"
"(2.2014433461051489e-05, 0.00011472851562494002)","[[z^5+z^3+z^2 (mod z^8+1), z^6+z^5+z^4+z^3+1 (mod z^8+1), z^7+z^3+z^2+1 (mod z^8+1)]]"
"(1.9361956038540512e-05, 0.00011953710937495643)","[[z^7+z^2+z (mod z^8+1), z^7+z^6+z^4+z+1 (mod z^8+1), z^6+z^5+z^2+1 (mod z^8+1)]]"
"(1.8139472603043489e-05, 0.00011139843749993772)","[[z^5+z^4+z^3+z^2+1 (mod z^8+1), z^6+z^5+z^3 (mod z^8+1), z^7+z^6+z^5+z^3 (mod z^8+1)]]"
"(2.3574701848285044e-05, 0.00012675585937527156)","[[z^7+z^2+z (mod z^8+1), z^7+z^6+z^4+z+1 (mod z^8+1), z^4+z^3+z+1 (mod z^8+1)]]"
"(2.2828793076638716e-05, 0.00010381640624999161)","[[z^3+z^2+z (mod z^8+1), z^6+z^4+z^3+z+1 (mod z^8+1), z^7+z^4+z^2+1 (mod z^8+1)]]"
"(2.2055812352062922e-05, 0.00011378320312438461)","[[z^5+z^4+z^3 (mod z^8+1), z^7+z^6+z^4+z^2+z (mod z^8+1), z^7+z^6+z^4+1 (mod z^8+1)]]"
"(1.9861135577511306e-05, 0.00011148828124954435)","[[z^4+z^3+z^2+z+1 (mod z^8+1), z^6+z^3+z (mod z^8+1), z^6+z^5+z^4+z^2 (mod z^8+1)]]"
"(2.8908344254952448e-05, 0.00011387890625022545)","[[z^4+z^3+z^2+z+1 (mod z^8+1), z^6+z^3+z (mod z^8+1), z^7+z^6+z^5+z^3 (mod z^8+1)]]"
"(2.4567046853587369e-05, 0.00011931445312549083)","[[z^5+z^4+z^3 (mod z^8+1), z^7+z^6+z^4+z^2+z (mod z^8+1), z^7+z^6+z^3+z (mod z^8+1)]]"
"(2.4524965528492629e-05, 0.00011088867187494106)","[[z^4+z^3+z (mod z^8+1), z^7+z^6+z^5+z^4+z^2 (mod z^8+1), z^7+z^5+z^2+z (mod z^8+1)]]"
"(2.5614384159252043e-05, 0.00012775195312447751)","[[z^7+z^4+z^2+z+1 (mod z^8+1), z^7+z^6+z (mod z^8+1), z^7+z^5+z^4+z^3 (mod z^8+1)]]"
"(4.6628892996829201e-05, 0.00011960937500003765)","[[z^3+z^2+z (mod z^8+1), z^6+z^4+z^3+z+1 (mod z^8+1), z^7+z^3+z^2+z (mod z^8+1)]]"
"(1.8921291856013719e-05, 0.00011567773437445861)","[[z^6+z^3+z^2+z+1 (mod z^8+1), z^7+z^5+1 (mod z^8+1), z^5+z^4+z^3+z (mod z^8+1)]]"
"(2.3702320867210681e-05, 0.00012256835937503319)","[[z^5+z^3+z^2 (mod z^8+1), z^6+z^5+z^4+z^3+1 (mod z^8+1), z^7+z^5+z^3+1 (mod z^8+1)]]"
"(2.1771160399494771e-05, 0.00011510351562502019)","[[z^5+z^3+z^2 (mod z^8+1), z^6+z^5+z^4+z^3+1 (mod z^8+1), z^7+z^5+z^3+z^2 (mod z^8+1)]]"
"(2.4513197399982032e-05, 0.0001176582031248985)","[[z^5+z^3+z^2 (mod z^8+1), z^6+z^5+z^4+z^3+1 (mod z^8+1), z^6+z^5+z^4+z (mod z^8+1)]]"
"(2.2415321800808028e-05, 0.00012690820312535878)","[[z^7+z^2+z (mod z^8+1), z^7+z^6+z^4+z+1 (mod z^8+1), z^5+z^4+z^2+z (mod z^8+1)]]"
"(4.4443430401993059e-05, 0.00013273437500133101)","[[z^6+z^5+z^3+z^2+1 (mod z^8+1), z^7+z+1 (mod z^8+1), z^6+z^5+z^2+1 (mod z^8+1)]]"
"(4.3166849413087e-05, 0.00012445507812466894)","[[z^4+z^3+z^2+z+1 (mod z^8+1), z^6+z^3+z (mod z^8+1), z^6+z^4+z^2+z (mod z^8+1)]]"
"(2.739505872562558e-05, 0.00012637890624989101)","[[z^6+z^5+z^4+z^3+z^2 (mod z^8+1), z^7+z^4+z (mod z^8+1), z^4+z^2+z+1 (mod z^8+1)]]"
"(2.0289105743825875e-05, 0.00011169921874962241)","[[z^4+z^3+z^2+z+1 (mod z^8+1), z^6+z^3+z (mod z^8+1), z^7+z^5+z^4+1 (mod z^8+1)]]"
"(2.108181230427262e-05, 0.00012460156250046484)","[[z^7+z^5+z^2 (mod z^8+1), z^7+z^6+z^5+z^4+1 (mod z^8+1), z^6+z^3+z^2+1 (mod z^8+1)]]"
"(2.6975104262818416e-05, 0.00012512499999983717)","[[z^7+z^5+z^2 (mod z^8+1), z^7+z^6+z^5+z^4+1 (mod z^8+1), z^7+z^3+z+1 (mod z^8+1)]]"
"(2.2589805248090006e-05, 0.0001126914062501011)","[[z^5+z^3+1 (mod z^8+1), z^7+z^6+z^2+z+1 (mod z^8+1), z^7+z^6+z^5+z^3 (mod z^8+1)]]"
"(5.5199383053597364e-05, 0.00012756835937497574)","[[z^3+z+1 (mod z^8+1), z^7+z^6+z^5+z^2+1 (mod z^8+1), z^7+z^3+z^2+z (mod z^8+1)]]"
"(2.2594802768645738e-05, 0.00011430664062545004)","[[z^5+z^4+z^3 (mod z^8+1), z^7+z^6+z^4+z^2+z (mod z^8+1), z^7+z^6+z^5+z^3 (mod z^8+1)]]"
"(3.5782895565850994e-05, 0.00011071289062495465)","[[z^3+z^2+z (mod z^8+1), z^6+z^4+z^3+z+1 (mod z^8+1), z^4+z^3+z^2+1 (mod z^8+1)]]"
"(2.4118952334021753e-05, 0.0001187226562500282)","[[z^5+z^3+1 (mod z^8+1), z^7+z^6+z^2+z+1 (mod z^8+1), z^6+z^4+z^3+z^2 (mod z^8+1)]]"
"(2.8387137148664541e-05, 0.00012861914062517465)","[[z^7+z^5+z^4+z^2+1 (mod z^8+1), z^7+z^6+z^5 (mod z^8+1), z^7+z^3+z+1 (mod z^8+1)]]"
"(2.2750732074887714e-05, 0.00011845703124989393)","[[z^5+z^3+z^2 (mod z^8+1), z^6+z^5+z^4+z^3+1 (mod z^8+1), z^5+z^4+z^2+z (mod z^8+1)]]"
"(2.6284169582693307e-05, 0.00011519726562488064)","[[z^5+z^4+z^3 (mod z^8+1), z^7+z^6+z^4+z^2+z (mod z^8+1), z^4+z^2+z+1 (mod z^8+1)]]"
"(2.9676772064553526e-05, 0.00011351171875000586)","[[z^3+z+1 (mod z^8+1), z^7+z^6+z^5+z^2+1 (mod z^8+1), z^4+z^3+z^2+1 (mod z^8+1)]]"
"(2.9315588814758256e-05, 0.00013160156250013877)","[[z^7+z^4+z^2+z+1 (mod z^8+1), z^7+z^6+z (mod z^8+1), z^6+z^5+z^4+z^2 (mod z^8+1)]]"
"(4.3898797561886487e-05, 0.00012620507812552417)","[[z^4+z^3+z^2+z+1 (mod z^8+1), z^6+z^3+z (mod z^8+1), z^7+z^6+z^4+1 (mod z^8+1)]]"
"(2.3099765763243726e-05, 0.00011745117187485221)","[[z^5+z^3+1 (mod z^8+1), z^7+z^6+z^2+z+1 (mod z^8+1), z^6+z^2+z+1 (mod z^8+1)]]"
"(4.9741752783949986e-05, 0.00013066601562539137)","[[z^6+z^5+z^3+z^2+1 (mod z^8+1), z^7+z+1 (mod z^8+1), z^7+z^5+z^3+1 (mod z^8+1)]]"
"(1.9137128088534184e-05, 0.00011735742187501952)","[[z^6+z^3+z^2+z+1 (mod z^8+1), z^7+z^5+1 (mod z^8+1), z^6+z^4+z^3+1 (mod z^8+1)]]"
"(2.2618091518989411e-05, 0.00012700781249982973)","[[z^7+z^2+z (mod z^8+1), z^7+z^6+z^4+z+1 (mod z^8+1), z^6+z^5+z^3+z^2 (mod z^8+1)]]"
"(2.323665564060488e-05, 0.0001275839843749571)","[[z^7+z^5+z^2 (mod z^8+1), z^7+z^6+z^5+z^4+1 (mod z^8+1), z^5+z^4+z^2+z (mod z^8+1)]]"
"(1.9453368060638596e-05, 0.0001149550781253672)","[[z^5+z^4+z^3+z^2+1 (mod z^8+1), z^6+z^5+z^3 (mod z^8+1), z^5+z^2+z+1 (mod z^8+1)]]"
"(2.5686532255248445e-05, 0.00010966210937495002)","[[z^3+z^2+z (mod z^8+1), z^6+z^4+z^3+z+1 (mod z^8+1), z^7+z^3+z+1 (mod z^8+1)]]"
"(2.4613545033975017e-05, 0.00012603906249991637)","[[z^6+z^5+z^4+z^3+z^2 (mod z^8+1), z^7+z^4+z (mod z^8+1), z^7+z^3+z^2+z (mod z^8+1)]]"
"(2.5786540355065075e-05, 0.00012917578124943541)","[[z^7+z^5+z^2 (mod z^8+1), z^7+z^6+z^5+z^4+1 (mod z^8+1), z^6+z^5+z^3+z (mod z^8+1)]]"
"(2.365584202060576e-05, 0.00011777734374998627)","[[z^5+z^3+1 (mod z^8+1), z^7+z^6+z^2+z+1 (mod z^8+1), z^6+z^3+z^2+1 (mod z^8+1)]]"
"(2.7409109107813226e-05, 0.00011668359375018034)","[[z^5+z^3+z^2 (mod z^8+1), z^6+z^5+z^4+z^3+1 (mod z^8+1), z^7+z^6+z^4+z^2 (mod z^8+1)]]"
"(4.5486953667460104e-05, 0.00011886914062490123)","[[z^3+z^2+z (mod z^8+1), z^6+z^4+z^3+z+1 (mod z^8+1), z^6+z^5+z^3+z^2 (mod z^8+1)]]"
"(1.9760319874847249e-05, 0.00011897851562508999)","[[z^6+z^4+z^3+z^2+z (mod z^8+1), z^7+z^5+z^4 (mod z^8+1), z^6+z^3+z^2+1 (mod z^8+1)]]"
"(5.3648478989914035e-05, 0.00017047070312475876)","[[z^7+z^4+z^2+z+1 (mod z^8+1), z^7+z^6+z (mod z^8+1), z^5+z^4+z^2+1 (mod z^8+1)]]"
"(1.9413468300217125e-05, 0.00012075781250017736)","[[z^7+z^5+z^2 (mod z^8+1), z^7+z^6+z^5+z^4+1 (mod z^8+1), z^6+z^5+z^4+1 (mod z^8+1)]]"
"(2.1363643641092676e-05, 0.00011624804687486445)","[[z^5+z^3+z^2 (mod z^8+1), z^6+z^5+z^4+z^3+1 (mod z^8+1), z^5+z^3+z^2+z (mod z^8+1)]]"
"(2.2859521100019383e-05, 0.00011616210937485938)","[[z^5+z^3+1 (mod z^8+1), z^7+z^6+z^2+z+1 (mod z^8+1), z^6+z^4+z+1 (mod z^8+1)]]"
"(4.0244170862627726e-05, 0.00012052148437499688)","[[z^4+z^3+z^2+z+1 (mod z^8+1), z^6+z^3+z (mod z^8+1), z^6+z^2+z+1 (mod z^8+1)]]"
"(2.6155990689582114e-05, 0.00012733203124970505)","[[z^7+z^5+z^4+z^2+1 (mod z^8+1), z^7+z^6+z^5 (mod z^8+1), z^7+z^6+z^2+1 (mod z^8+1)]]"
"(1.990750774456202e-05, 0.00011595898437466445)","[[z^5+z^4+z^3+z^2+1 (mod z^8+1), z^6+z^5+z^3 (mod z^8+1), z^5+z^3+z^2+z (mod z^8+1)]]"
"(2.518501417139101e-05, 0.00010433398437501365)","[[z^3+z^2+z (mod z^8+1), z^6+z^4+z^3+z+1 (mod z^8+1), z^6+z^2+z+1 (mod z^8+1)]]"
"(2.0563096521857929e-05, 0.00012002929687451869)","[[z^7+z^2+z (mod z^8+1), z^7+z^6+z^4+z+1 (mod z^8+1), z^7+z^5+z^3+z^2 (mod z^8+1)]]"
"(3.853740826693194e-05, 0.00012621874999982352)","[[z^5+z^4+z^3 (mod z^8+1), z^7+z^6+z^4+z^2+z (mod z^8+1), z^6+z^4+z^2+z (mod z^8+1)]]"
"(2.3006350676929142e-05, 0.00011864257812493895)","[[z^5+z^3+z^2 (mod z^8+1), z^6+z^5+z^4+z^3+1 (mod z^8+1), z^4+z^3+z^2+1 (mod z^8+1)]]"
"(2.0385733368846762e-05, 0.00012425000000002018)","[[z^7+z^5+z^2 (mod z^8+1), z^7+z^6+z^5+z^4+1 (mod z^8+1), z^5+z^3+z^2+z (mod z^8+1)]]"
"(2.3831605070119679e-05, 0.00012441210937538805)","[[z^7+z^5+z^2 (mod z^8+1), z^7+z^6+z^5+z^4+1 (mod z^8+1), z^7+z^5+z^4+z (mod z^8+1)]]"
"(2.3587490681123571e-05, 0.00012453710937476714)","[[z^7+z^5+z^2 (mod z^8+1), z^7+z^6+z^5+z^4+1 (mod z^8+1), z^7+z^6+z^2+z (mod z^8+1)]]"
"(2.1095091735713962e-05, 0.00012374414062438222)","[[z^6+z^4+z^3+z^2+z (mod z^8+1), z^7+z^5+z^4 (mod z^8+1), z^6+z^5+z^4+z^2 (mod z^8+1)]]"
"(2.4513965596778473e-05, 0.00011930468750004364)","[[z^5+z^3+1 (mod z^8+1), z^7+z^6+z^2+z+1 (mod z^8+1), z^7+z^6+z^4+z^2 (mod z^8+1)]]"
"(2.1842695087694524e-05, 0.00011898632812490373)","[[z^6+z^5+z^3+z^2+1 (mod z^8+1), z^7+z+1 (mod z^8+1), z^6+z^3+z^2+1 (mod z^8+1)]]"
"(2.1518376148176906e-05, 0.00011631640625037187)","[[z^6+z^5+z^3+z^2+1 (mod z^8+1), z^7+z+1 (mod z^8+1), z^7+z^6+z^4+1 (mod z^8+1)]]"
"(3.11501363337719e-05, 0.00012557031250004513)","[[z^6+z^5+z^3+z^2+1 (mod z^8+1), z^7+z+1 (mod z^8+1), z^7+z^6+z^4+z^2 (mod z^8+1)]]"
"(1.7537835664407249e-05, 0.00011187304687504396)","[[z^5+z^4+z^3+z^2+1 (mod z^8+1), z^6+z^5+z^3 (mod z^8+1), z^6+z^2+z+1 (mod z^8+1)]]"
"(2.1423384220459632e-05, 0.00012286914062475951)","[[z^7+z^2+z (mod z^8+1), z^7+z^6+z^4+z+1 (mod z^8+1), z^6+z^3+z^2+z (mod z^8+1)]]"
"(1.9000456151783383e-05, 0.00012129687499995434)","[[z^7+z^5+z^2 (mod z^8+1), z^7+z^6+z^5+z^4+1 (mod z^8+1), z^7+z^4+z^3+z^2 (mod z^8+1)]]"
"(2.3630137697087825e-05, 0.00011839453124995458)","[[z^5+z^3+1 (mod z^8+1), z^7+z^6+z^2+z+1 (mod z^8+1), z^7+z^6+z^2+1 (mod z^8+1)]]"
"(2.4207271646801994e-05, 0.00012048632812494686)","[[z^5+z^3+1 (mod z^8+1), z^7+z^6+z^2+z+1 (mod z^8+1), z^7+z^4+z^2+1 (mod z^8+1)]]"
"(2.4039773329854707e-05, 0.00010679882812494185)","[[z^3+z^2+z (mod z^8+1), z^6+z^4+z^3+z+1 (mod z^8+1), z^5+z^3+z+1 (mod z^8+1)]]"
"(6.5797937591385058e-05, 0.00015935156250079796)","[[z^6+z^5+z^3+z^2+1 (mod z^8+1), z^7+z+1 (mod z^8+1), z^7+z^3+z+1 (mod z^8+1)]]"
"(2.6334684828201623e-05, 0.0001172499999998744)","[[z^5+z^3+z^2 (mod z^8+1), z^6+z^5+z^4+z^3+1 (mod z^8+1), z^6+z^5+z^4+z^2 (mod z^8+1)]]"
"(2.2056563662001399e-05, 0.00012451367187582552)","[[z^7+z^4+z^2+z+1 (mod z^8+1), z^7+z^6+z (mod z^8+1), z^7+z^5+z^2+z (mod z^8+1)]]"
"(3.9068221260539532e-05, 0.00011916015624940934)","[[z^4+z^3+z^2+z+1 (mod z^8+1), z^6+z^3+z (mod z^8+1), z^7+z^5+z^2+z (mod z^8+1)]]"
"(3.1733189675723657e-05, 0.00011243164062496765)","[[z^3+z+1 (mod z^8+1), z^7+z^6+z^5+z^2+1 (mod z^8+1), z^6+z^5+z^3+z (mod z^8+1)]]"
"(2.2960346620649098e-05, 0.00010316601562510019)","[[z^3+z^2+z (mod z^8+1), z^6+z^4+z^3+z+1 (mod z^8+1), z^7+z^6+z^4+1 (mod z^8+1)]]"
"(2.5641578262339895e-05, 0.00012686132812489426)","[[z^7+z^4+z^2+z+1 (mod z^8+1), z^7+z^6+z (mod z^8+1), z^7+z^5+z^3+1 (mod z^8+1)]]"
"(3.6033071797366804e-05, 0.00012127343749993025)","[[z^4+z^3+z^2+z+1 (mod z^8+1), z^6+z^3+z (mod z^8+1), z^6+z^5+z^2+1 (mod z^8+1)]]"
"(2.1996369495869554e-05, 0.00011608593750012108)","[[z^5+z^3+z^2 (mod z^8+1), z^6+z^5+z^4+z^3+1 (mod z^8+1), z^6+z^3+z^2+1 (mod z^8+1)]]"
"(5.8513827655293612e-05, 0.00019563671875044708)","[[z^6+z^5+z^3+z^2+1 (mod z^8+1), z^7+z+1 (mod z^8+1), z^7+z^3+z^2+z (mod z^8+1)]]"
"(3.005357129924783e-05, 0.00012357421875000552)","[[z^5+z^4+z^3+z^2+1 (mod z^8+1), z^6+z^5+z^3 (mod z^8+1), z^4+z^3+z+1 (mod z^8+1)]]"
"(3.6779104113428993e-05, 0.00013019921874901641)","[[z^6+z^5+z^4+z^3+z^2 (mod z^8+1), z^7+z^4+z (mod z^8+1), z^6+z^5+z^4+1 (mod z^8+1)]]"
"(2.3791626039608259e-05, 0.00013163085937534236)","[[z^7+z^5+z^4+z^2+1 (mod z^8+1), z^7+z^6+z^5 (mod z^8+1), z^7+z^6+z^5+z^2 (mod z^8+1)]]"
"(2.1781781621151463e-05, 0.00011455664062498538)","[[z^5+z^3+z^2 (mod z^8+1), z^6+z^5+z^4+z^3+1 (mod z^8+1), z^6+z^5+z^3+z (mod z^8+1)]]"
"(4.2652103119062549e-05, 0.00013918554687553097)","[[z^7+z^4+z^2+z+1 (mod z^8+1), z^7+z^6+z (mod z^8+1), z^6+z^5+z^3+z^2 (mod z^8+1)]]"
"(2.1920555243845693e-05, 0.00012559374999979167)","[[z^7+z^2+z (mod z^8+1), z^7+z^6+z^4+z+1 (mod z^8+1), z^7+z^6+z^4+1 (mod z^8+1)]]"
"(3.0684504531866799e-05, 0.00013185937499990419)","[[z^7+z^5+z^2 (mod z^8+1), z^7+z^6+z^5+z^4+1 (mod z^8+1), z^7+z^6+z^3+1 (mod z^8+1)]]"
"(3.5263869945443466e-05, 0.00011312695312504228)","[[z^3+z^2+z (mod z^8+1), z^6+z^4+z^3+z+1 (mod z^8+1), z^6+z^4+z^2+z (mod z^8+1)]]"
"(4.2663469333836709e-05, 0.00012691015625003466)","[[z^4+z^3+z (mod z^8+1), z^7+z^6+z^5+z^4+z^2 (mod z^8+1), z^4+z^3+z^2+1 (mod z^8+1)]]"
"(2.3113181893596814e-05, 0.00011483593750001575)","[[z^5+z^4+z^3 (mod z^8+1), z^7+z^6+z^4+z^2+z (mod z^8+1), z^6+z^3+z^2+1 (mod z^8+1)]]"
"(2.2075397644393265e-05, 0.00011632031249995956)","[[z^5+z^3+z^2 (mod z^8+1), z^6+z^5+z^4+z^3+1 (mod z^8+1), z^7+z^6+z^2+z (mod z^8+1)]]"
"(2.6338019674250613e-05, 0.00011628320312510182)","[[z^4+z^3+z (mod z^8+1), z^7+z^6+z^5+z^4+z^2 (mod z^8+1), z^7+z^6+z^2+1 (mod z^8+1)]]"
"(4.3649593034178685e-05, 0.00011673828124997288)","[[z^3+z+1 (mod z^8+1), z^7+z^6+z^5+z^2+1 (mod z^8+1), z^7+z^5+z^3+1 (mod z^8+1)]]"
"(2.6819179103181002e-05, 0.00012673632812476576)","[[z^7+z^5+z^2 (mod z^8+1), z^7+z^6+z^5+z^4+1 (mod z^8+1), z^7+z^6+z^2+1 (mod z^8+1)]]"
"(2.0675594903969156e-05, 0.00010801562499990203)","[[z^4+z^3+z^2+z+1 (mod z^8+1), z^6+z^3+z (mod z^8+1), z^7+z^6+z^3+1 (mod z^8+1)]]"
"(2.1243050818911846e-05, 0.00012515429687487423)","[[z^7+z^4+z^2+z+1 (mod z^8+1), z^7+z^6+z (mod z^8+1), z^6+z^5+z^4+z (mod z^8+1)]]"
"(2.2166599197345432e-05, 0.00011794335937459488)","[[z^5+z^4+z^3+z^2+1 (mod z^8+1), z^6+z^5+z^3 (mod z^8+1), z^6+z^5+z^4+z^2 (mod z^8+1)]]"
"(2.9569883622252134e-05, 0.00011983789062497419)","[[z^6+z^5+z^3+z^2+1 (mod z^8+1), z^7+z+1 (mod z^8+1), z^6+z^4+z^2+z (mod z^8+1)]]"
"(4.1029202366115337e-05, 0.00012330468749940926)","[[z^4+z^3+z^2+z+1 (mod z^8+1), z^6+z^3+z (mod z^8+1), z^6+z^5+z+1 (mod z^8+1)]]"
"(2.4687905378434956e-05, 0.00011837695312513774)","[[z^5+z^3+1 (mod z^8+1), z^7+z^6+z^2+z+1 (mod z^8+1), z^5+z^3+z^2+z (mod z^8+1)]]"
"(3.1557885404863687e-05, 0.00011316015625004866)","[[z^3+z^2+z (mod z^8+1), z^6+z^4+z^3+z+1 (mod z^8+1), z^7+z^4+z+1 (mod z^8+1)]]"
"(3.3132706980361353e-05, 0.0001277597656250129)","[[z^6+z^5+z^3+z^2+1 (mod z^8+1), z^7+z+1 (mod z^8+1), z^6+z^4+z+1 (mod z^8+1)]]"
"(4.0466254928633347e-05, 0.0001226816406249831)","[[z^4+z^3+z^2+z+1 (mod z^8+1), z^6+z^3+z (mod z^8+1), z^6+z^4+z^3+1 (mod z^8+1)]]"
"(1.8855449631805338e-05, 0.00011092773437504366)","[[z^5+z^4+z^3+z^2+1 (mod z^8+1), z^6+z^5+z^3 (mod z^8+1), z^7+z^3+z+1 (mod z^8+1)]]"
"(2.3716587053791512e-05, 0.00012875781250032414)","[[z^7+z^4+z^2+z+1 (mod z^8+1), z^7+z^6+z (mod z^8+1), z^7+z^6+z^2+z (mod z^8+1)]]"
"(2.3503824044575972e-05, 0.00011707617187496633)","[[z^5+z^3+1 (mod z^8+1), z^7+z^6+z^2+z+1 (mod z^8+1), z^7+z^5+z+1 (mod z^8+1)]]"
"(2.1001155186285044e-05, 0.00012501757812488634)","[[z^7+z^4+z^2+z+1 (mod z^8+1), z^7+z^6+z (mod z^8+1), z^4+z^3+z^2+1 (mod z^8+1)]]"
"(2.0082615924759341e-05, 0.00012467968750040637)","[[z^7+z^5+z^4+z^2+1 (mod z^8+1), z^7+z^6+z^5 (mod z^8+1), z^7+z^6+z^4+1 (mod z^8+1)]]"
"(2.6780454537021626e-05, 0.00010609179687497833)","[[z^3+z+1 (mod z^8+1), z^7+z^6+z^5+z^2+1 (mod z^8+1), z^5+z^4+z^3+z (mod z^8+1)]]"
"(2.1336593925104292e-05, 0.00011943945312553605)","[[z^6+z^4+z^3+z^2+z (mod z^8+1), z^7+z^5+z^4 (mod z^8+1), z^7+z^6+z^4+1 (mod z^8+1)]]"
"(1.9242702537771159e-05, 0.00011217578125016781)","[[z^5+z^4+z^3+z^2+1 (mod z^8+1), z^6+z^5+z^3 (mod z^8+1), z^5+z^4+z^3+z (mod z^8+1)]]"
"(1.8888716911281353e-05, 0.00010733007812496753)","[[z^4+z^3+z^2+z+1 (mod z^8+1), z^6+z^3+z (mod z^8+1), z^4+z^3+z^2+1 (mod z^8+1)]]"
"(2.9890692320172209e-05, 0.00012015820312494263)","[[z^6+z^5+z^3+z^2+1 (mod z^8+1), z^7+z+1 (mod z^8+1), z^7+z^4+z^3+z (mod z^8+1)]]"
"(2.5696168722319535e-05, 0.00010622070312509696)","[[z^3+z^2+z (mod z^8+1), z^6+z^4+z^3+z+1 (mod z^8+1), z^6+z^4+z^3+1 (mod z^8+1)]]"
"(2.3908723750301954e-05, 0.00012727929687456063)","[[z^6+z^4+z^3+z^2+z (mod z^8+1), z^7+z^5+z^4 (mod z^8+1), z^7+z^5+z^4+z (mod z^8+1)]]"
"(2.2662970362916556e-05, 0.00012003320312503618)","[[z^5+z^3+z^2 (mod z^8+1), z^6+z^5+z^4+z^3+1 (mod z^8+1), z^7+z^6+z^5+z^3 (mod z^8+1)]]"
"(2.3023208187352336e-05, 0.00010279687500007462)","[[z^3+z^2+z (mod z^8+1), z^6+z^4+z^3+z+1 (mod z^8+1), z^7+z^4+z^3+z (mod z^8+1)]]"
"(4.6903073462116301e-05, 0.00012048828124974764)","[[z^4+z^3+z^2+z+1 (mod z^8+1), z^6+z^3+z (mod z^8+1), z^7+z^4+z^3+z (mod z^8+1)]]"
"(2.2126027487515347e-05, 0.00012270117187532237)","[[z^7+z^5+z^2 (mod z^8+1), z^7+z^6+z^5+z^4+1 (mod z^8+1), z^7+z^5+z+1 (mod z^8+1)]]"
"(2.5358203986364218e-05, 0.0001249199218746333)","[[z^6+z^5+z^4+z^3+z^2 (mod z^8+1), z^7+z^4+z (mod z^8+1), z^6+z^3+z^2+1 (mod z^8+1)]]"
"(4.4242387493940758e-05, 0.00012089257812500712)","[[z^3+z+1 (mod z^8+1), z^7+z^6+z^5+z^2+1 (mod z^8+1), z^6+z^4+z^2+z (mod z^8+1)]]"
"(1.8564541688553659e-05, 0.00010684570312477493)","[[z^4+z^3+z^2+z+1 (mod z^8+1), z^6+z^3+z (mod z^8+1), z^7+z^4+z^2+1 (mod z^8+1)]]"
"(2.3121090450223281e-05, 0.0001261132812503396)","[[z^7+z^2+z (mod z^8+1), z^7+z^6+z^4+z+1 (mod z^8+1), z^4+z^2+z+1 (mod z^8+1)]]"
"(2.0969086827465257e-05, 0.00011188085937509362)","[[z^5+z^3+z^2 (mod z^8+1), z^6+z^5+z^4+z^3+1 (mod z^8+1), z^7+z^3+z^2+z (mod z^8+1)]]"
"(2.1519681216588555e-05, 0.00012353124999989196)","[[z^7+z^5+z^2 (mod z^8+1), z^7+z^6+z^5+z^4+1 (mod z^8+1), z^6+z^2+z+1 (mod z^8+1)]]"
"(2.9665875592435048e-05, 0.00013469335937577043)","[[z^6+z^4+z^3+z^2+z (mod z^8+1), z^7+z^5+z^4 (mod z^8+1), z^4+z^3+z^2+1 (mod z^8+1)]]"
"(2.2363258989355067e-05, 0.00012827929687511674)","[[z^7+z^2+z (mod z^8+1), z^7+z^6+z^4+z+1 (mod z^8+1), z^7+z^4+z+1 (mod z^8+1)]]"
"(3.7240691794775642e-05, 0.00013325390625051892)","[[z^7+z^4+z^2+z+1 (mod z^8+1), z^7+z^6+z (mod z^8+1), z^7+z^5+z^4+z (mod z^8+1)]]"
"(2.7020381369663787e-05, 0.00012808007812536992)","[[z^7+z^4+z^2+z+1 (mod z^8+1), z^7+z^6+z (mod z^8+1), z^7+z^4+z+1 (mod z^8+1)]]"
"(4.7741439611013251e-05, 0.00012942968749973804)","[[z^4+z^3+z^2+z+1 (mod z^8+1), z^6+z^3+z (mod z^8+1), z^5+z^3+z+1 (mod z^8+1)]]"
"(2.0961767998147612e-05, 0.00012693164062516082)","[[z^7+z^5+z^2 (mod z^8+1), z^7+z^6+z^5+z^4+1 (mod z^8+1), z^6+z^5+z^3+z^2 (mod z^8+1)]]"
"(4.0557960714234794e-05, 0.00013479492187440378)","[[z^6+z^5+z^4+z^3+z^2 (mod z^8+1), z^7+z^4+z (mod z^8+1), z^7+z^5+z^3+1 (mod z^8+1)]]"
"(1.9860624956529418e-05, 0.00011716210937523508)","[[z^6+z^5+z^3+z^2+1 (mod z^8+1), z^7+z+1 (mod z^8+1), z^6+z^5+z^4+1 (mod z^8+1)]]"
"(1.9992279756043043e-05, 0.0001179003906243703)","[[z^6+z^3+z^2+z+1 (mod z^8+1), z^7+z^5+1 (mod z^8+1), z^7+z^5+z^3+z^2 (mod z^8+1)]]"
"(4.4540042306284558e-05, 0.00012257031249996581)","[[z^3+z^2+z (mod z^8+1), z^6+z^4+z^3+z+1 (mod z^8+1), z^6+z^3+z^2+1 (mod z^8+1)]]"
"(2.6045560093180757e-05, 0.00011420703125011866)","[[z^4+z^3+z (mod z^8+1), z^7+z^6+z^5+z^4+z^2 (mod z^8+1), z^7+z^6+z^4+1 (mod z^8+1)]]"
"(2.8739383164242326e-05, 0.00012624804687477731)","[[z^7+z^5+z^2 (mod z^8+1), z^7+z^6+z^5+z^4+1 (mod z^8+1), z^7+z^5+z^3+z^2 (mod z^8+1)]]"
"(2.317131658130543e-05, 0.00010439062500011004)","[[z^3+z^2+z (mod z^8+1), z^6+z^4+z^3+z+1 (mod z^8+1), z^7+z^5+z^4+z (mod z^8+1)]]"
"(2.2071832082688669e-05, 0.00012832812499979918)","[[z^7+z^5+z^2 (mod z^8+1), z^7+z^6+z^5+z^4+1 (mod z^8+1), z^4+z^2+z+1 (mod z^8+1)]]"
"(4.2493493872339083e-05, 0.00012329687500003267)","[[z^3+z+1 (mod z^8+1), z^7+z^6+z^5+z^2+1 (mod z^8+1), z^7+z^5+z^3+z^2 (mod z^8+1)]]"
"(3.6184075912977108e-05, 0.00012093945312519061)","[[z^4+z^3+z^2+z+1 (mod z^8+1), z^6+z^3+z (mod z^8+1), z^7+z^6+z^5+z^2 (mod z^8+1)]]"
"(2.1609078075584019e-05, 0.00011933203125080727)","[[z^6+z^3+z^2+z+1 (mod z^8+1), z^7+z^5+1 (mod z^8+1), z^6+z^5+z^4+z^2 (mod z^8+1)]]"
"(2.2132265008097654e-05, 0.00011381054687506498)","[[z^5+z^4+z^3 (mod z^8+1), z^7+z^6+z^4+z^2+z (mod z^8+1), z^7+z^3+z^2+z (mod z^8+1)]]"
"(4.0732532666169171e-05, 0.00012529882812517545)","[[z^4+z^3+z^2+z+1 (mod z^8+1), z^6+z^3+z (mod z^8+1), z^7+z^6+z^4+z^3 (mod z^8+1)]]"
"(2.2410400261335151e-05, 0.0001271191406250205)","[[z^7+z^2+z (mod z^8+1), z^7+z^6+z^4+z+1 (mod z^8+1), z^4+z^3+z^2+1 (mod z^8+1)]]"
"(2.3345718648106147e-05, 0.00011652929687523683)","[[z^5+z^3+1 (mod z^8+1), z^7+z^6+z^2+z+1 (mod z^8+1), z^5+z^4+z^2+1 (mod z^8+1)]]"
"(1.9087892923715689e-05, 0.00011649999999979732)","[[z^6+z^3+z^2+z+1 (mod z^8+1), z^7+z^5+1 (mod z^8+1), z^7+z^3+z+1 (mod z^8+1)]]"
"(1.765786600736364e-05, 0.00011072656249999646)","[[z^5+z^4+z^3+z^2+1 (mod z^8+1), z^6+z^5+z^3 (mod z^8+1), z^7+z^5+z^3+z^2 (mod z^8+1)]]"
"(2.631973964354548e-05, 0.00011989257812450305)","[[z^5+z^4+z^3+z^2+1 (mod z^8+1), z^6+z^5+z^3 (mod z^8+1), z^7+z^6+z^2+z (mod z^8+1)]]"
"(2.0352399871436342e-05, 0.00011738085937496034)","[[z^6+z^3+z^2+z+1 (mod z^8+1), z^7+z^5+1 (mod z^8+1), z^7+z^6+z^2+1 (mod z^8+1)]]"
"(3.633108501881944e-05, 0.00011269140625000743)","[[z^3+z+1 (mod z^8+1), z^7+z^6+z^5+z^2+1 (mod z^8+1), z^7+z^6+z^4+1 (mod z^8+1)]]"
"(1.792048843211585e-05, 0.00011119921874974681)","[[z^5+z^4+z^3+z^2+1 (mod z^8+1), z^6+z^5+z^3 (mod z^8+1), z^7+z^4+z^2+1 (mod z^8+1)]]"
"(2.8129244946076065e-05, 0.00013422851562527871)","[[z^7+z^5+z^4+z^2+1 (mod z^8+1), z^7+z^6+z^5 (mod z^8+1), z^6+z^4+z^2+z (mod z^8+1)]]"
"(4.068061392930315e-05, 0.00013006054687464408)","[[z^6+z^5+z^3+z^2+1 (mod z^8+1), z^7+z+1 (mod z^8+1), z^7+z^6+z^2+1 (mod z^8+1)]]"
"(2.1208803342316213e-05, 0.00012486328125066448)","[[z^7+z^4+z^2+z+1 (mod z^8+1), z^7+z^6+z (mod z^8+1), z^7+z^3+z^2+z (mod z^8+1)]]"
"(2.3004903519461863e-05, 0.00010290625000003439)","[[z^3+z^2+z (mod z^8+1), z^6+z^4+z^3+z+1 (mod z^8+1), z^7+z^5+z^3+z^2 (mod z^8+1)]]"
"(2.0514982284796018e-05, 0.00012281054687549031)","[[z^7+z^5+z^2 (mod z^8+1), z^7+z^6+z^5+z^4+1 (mod z^8+1), z^5+z^4+z^3+1 (mod z^8+1)]]"
"(4.9644662915499127e-05, 0.00012708398437503987)","[[z^4+z^3+z (mod z^8+1), z^7+z^6+z^5+z^4+z^2 (mod z^8+1), z^5+z^3+z^2+z (mod z^8+1)]]"
"(2.2925678335640793e-05, 0.00012576367187439041)","[[z^6+z^4+z^3+z^2+z (mod z^8+1), z^7+z^5+z^4 (mod z^8+1), z^6+z^2+z+1 (mod z^8+1)]]"
"(2.5368535764070355e-05, 0.00010470703124998426)","[[z^3+z^2+z (mod z^8+1), z^6+z^4+z^3+z+1 (mod z^8+1), z^5+z^4+z^2+1 (mod z^8+1)]]"
"(2.3503011307528314e-05, 0.00011744531250022783)","[[z^5+z^3+1 (mod z^8+1), z^7+z^6+z^2+z+1 (mod z^8+1), z^7+z^5+z^4+z^3 (mod z^8+1)]]"
"(2.5333348182111513e-05, 0.000127931640624801)","[[z^6+z^4+z^3+z^2+z (mod z^8+1), z^7+z^5+z^4 (mod z^8+1), z^6+z^4+z^3+1 (mod z^8+1)]]"
"(2.2778462138801813e-05, 0.00011957031250001138)","[[z^5+z^3+z^2 (mod z^8+1), z^6+z^5+z^4+z^3+1 (mod z^8+1), z^5+z^4+z^3+1 (mod z^8+1)]]"
"(4.5773547340070657e-05, 0.00013161328124999816)","[[z^5+z^4+z^3 (mod z^8+1), z^7+z^6+z^4+z^2+z (mod z^8+1), z^6+z^2+z+1 (mod z^8+1)]]"
"(1.9786340043589224e-05, 0.00012097265625016229)","[[z^7+z^5+z^2 (mod z^8+1), z^7+z^6+z^5+z^4+1 (mod z^8+1), z^6+z^5+z^2+1 (mod z^8+1)]]"
"(3.1199333927164183e-05, 0.00011318750000001952)","[[z^3+z+1 (mod z^8+1), z^7+z^6+z^5+z^2+1 (mod z^8+1), z^6+z^5+z^4+1 (mod z^8+1)]]"
"(2.091743988588867e-05, 0.00011615234374988403)","[[z^5+z^3+z^2 (mod z^8+1), z^6+z^5+z^4+z^3+1 (mod z^8+1), z^5+z^3+z+1 (mod z^8+1)]]"
"(2.8385723423536638e-05, 0.00010829101562502552)","[[z^3+z^2+z (mod z^8+1), z^6+z^4+z^3+z+1 (mod z^8+1), z^7+z^6+z^3+1 (mod z^8+1)]]"
"(4.8923877988087851e-05, 0.00014492968750107194)","[[z^6+z^5+z^4+z^3+z^2 (mod z^8+1), z^7+z^4+z (mod z^8+1), z^6+z^5+z^4+z^2 (mod z^8+1)]]"
"(1.9708878115225104e-05, 0.00012366992187534676)","[[z^7+z^4+z^2+z+1 (mod z^8+1), z^7+z^6+z (mod z^8+1), z^6+z^4+z^3+z^2 (mod z^8+1)]]"
"(4.3935987161567752e-05, 0.00012971679687497073)","[[z^5+z^4+z^3 (mod z^8+1), z^7+z^6+z^4+z^2+z (mod z^8+1), z^5+z^3+z^2+z (mod z^8+1)]]"
"(2.2847959117298603e-05, 0.00012511718749913525)","[[z^6+z^5+z^4+z^3+z^2 (mod z^8+1), z^7+z^4+z (mod z^8+1), z^7+z^6+z^3+z (mod z^8+1)]]"
"(2.4209930901266047e-05, 0.0001226777343746599)","[[z^7+z^5+z^2 (mod z^8+1), z^7+z^6+z^5+z^4+1 (mod z^8+1), z^7+z^4+z+1 (mod z^8+1)]]"
"(2.6313830780135523e-05, 0.00012819335937447329)","[[z^7+z^4+z^2+z+1 (mod z^8+1), z^7+z^6+z (mod z^8+1), z^7+z^6+z^3+z (mod z^8+1)]]"
"(4.5022072867608964e-05, 0.00012803515624996986)","[[z^5+z^4+z^3 (mod z^8+1), z^7+z^6+z^4+z^2+z (mod z^8+1), z^7+z^5+z^3+z^2 (mod z^8+1)]]"
"(1.9685757611055236e-05, 0.00012545312499956385)","[[z^7+z^5+z^4+z^2+1 (mod z^8+1), z^7+z^6+z^5 (mod z^8+1), z^7+z^5+z+1 (mod z^8+1)]]"
"(2.3443679442813236e-05, 0.00011892773437410797)","[[z^6+z^5+z^3+z^2+1 (mod z^8+1), z^7+z+1 (mod z^8+1), z^6+z^4+z^3+z^2 (mod z^8+1)]]"
"(2.7911655017962099e-05, 0.00012386718750040382)","[[z^6+z^3+z^2+z+1 (mod z^8+1), z^7+z^5+1 (mod z^8+1), z^7+z^6+z^5+z^3 (mod z^8+1)]]"
"(3.4268036485653553e-05, 0.00011681640624972012)","[[z^4+z^3+z^2+z+1 (mod z^8+1), z^6+z^3+z (mod z^8+1), z^5+z^3+z^2+z (mod z^8+1)]]"
"(1.9573103496262657e-05, 0.00011670507812508446)","[[z^5+z^4+z^3+z^2+1 (mod z^8+1), z^6+z^5+z^3 (mod z^8+1), z^5+z^3+z+1 (mod z^8+1)]]"
"(2.084225280010922e-05, 0.00012066210937500266)","[[z^6+z^4+z^3+z^2+z (mod z^8+1), z^7+z^5+z^4 (mod z^8+1), z^5+z^4+z^3+z (mod z^8+1)]]"
"(1.977865646249362e-05, 0.00011974218749982724)","[[z^7+z^2+z (mod z^8+1), z^7+z^6+z^4+z+1 (mod z^8+1), z^6+z^5+z^4+1 (mod z^8+1)]]"
"(2.240075633367646e-05, 0.00012719531249988369)","[[z^7+z^5+z^4+z^2+1 (mod z^8+1), z^7+z^6+z^5 (mod z^8+1), z^5+z^4+z^2+1 (mod z^8+1)]]"
"(2.8100856607829634e-05, 0.00010611718750007382)","[[z^3+z^2+z (mod z^8+1), z^6+z^4+z^3+z+1 (mod z^8+1), z^6+z^5+z^3+z (mod z^8+1)]]"
"(1.7765167633211627e-05, 0.00011151953124985403)","[[z^5+z^4+z^3+z^2+1 (mod z^8+1), z^6+z^5+z^3 (mod z^8+1), z^6+z^4+z+1 (mod z^8+1)]]"
"(4.235896321842889e-05, 0.00013277148437523811)","[[z^6+z^4+z^3+z^2+z (mod z^8+1), z^7+z^5+z^4 (mod z^8+1), z^7+z^6+z^2+1 (mod z^8+1)]]"
"(2.6245078361304848e-05, 0.00012197656250034772)","[[z^6+z^4+z^3+z^2+z (mod z^8+1), z^7+z^5+z^4 (mod z^8+1), z^7+z^6+z^3+z (mod z^8+1)]]"
"(2.7911275003300704e-05, 0.00011718164062500536)","[[z^4+z^3+z (mod z^8+1), z^7+z^6+z^5+z^4+z^2 (mod z^8+1), z^7+z^5+z^4+z^3 (mod z^8+1)]]"
"(1.8760317697530508e-05, 0.00011763867187497556)","[[z^6+z^4+z^3+z^2+z (mod z^8+1), z^7+z^5+z^4 (mod z^8+1), z^7+z^6+z^5+z (mod z^8+1)]]"
"(1.9843958767715644e-05, 0.00011981640624969536)","[[z^7+z^2+z (mod z^8+1), z^7+z^6+z^4+z+1 (mod z^8+1), z^7+z^3+z+1 (mod z^8+1)]]"
"(1.8430055104349955e-05, 0.00011117968749996265)","[[z^5+z^4+z^3+z^2+1 (mod z^8+1), z^6+z^5+z^3 (mod z^8+1), z^6+z^5+z^2+1 (mod z^8+1)]]"
"(2.2142115982264309e-05, 0.00011601171874993377)","[[z^5+z^3+z^2 (mod z^8+1), z^6+z^5+z^4+z^3+1 (mod z^8+1), z^7+z^5+z^2+z (mod z^8+1)]]"
"(2.5496484850328385e-05, 0.00012716406249979606)","[[z^7+z^5+z^4+z^2+1 (mod z^8+1), z^7+z^6+z^5 (mod z^8+1), z^6+z^5+z+1 (mod z^8+1)]]"
"(2.6455166228158656e-05, 0.00010565039062498949)","[[z^3+z+1 (mod z^8+1), z^7+z^6+z^5+z^2+1 (mod z^8+1), z^7+z^4+z^3+z (mod z^8+1)]]"
"(2.0454216796370702e-05, 0.00011750390625009377)","[[z^6+z^3+z^2+z+1 (mod z^8+1), z^7+z^5+1 (mod z^8+1), z^5+z^4+z^2+1 (mod z^8+1)]]"
"(2.7279149065213658e-05, 0.00010434570312500835)","[[z^3+z^2+z (mod z^8+1), z^6+z^4+z^3+z+1 (mod z^8+1), z^4+z^2+z+1 (mod z^8+1)]]"
"(2.7169870979376285e-05, 0.00011853515624986322)","[[z^5+z^3+z^2 (mod z^8+1), z^6+z^5+z^4+z^3+1 (mod z^8+1), z^7+z^6+z^3+z (mod z^8+1)]]"
"(2.0862111299726662e-05, 0.00012455273437500525)","[[z^7+z^4+z^2+z+1 (mod z^8+1), z^7+z^6+z (mod z^8+1), z^7+z^4+z^3+z^2 (mod z^8+1)]]"
"(5.4219364499028979e-05, 0.00015522265624973164)","[[z^6+z^5+z^3+z^2+1 (mod z^8+1), z^7+z+1 (mod z^8+1), z^6+z^5+z^3+z (mod z^8+1)]]"
"(2.3117174298811497e-05, 0.00011489843750019102)","[[z^5+z^3+1 (mod z^8+1), z^7+z^6+z^2+z+1 (mod z^8+1), z^7+z^6+z^3+z (mod z^8+1)]]"
"(3.0069183875469643e-05, 0.00012995117187558636)","[[z^6+z^5+z^4+z^3+z^2 (mod z^8+1), z^7+z^4+z (mod z^8+1), z^6+z^2+z+1 (mod z^8+1)]]"
"(2.6675219745696562e-05, 0.00010575585937499556)","[[z^3+z+1 (mod z^8+1), z^7+z^6+z^5+z^2+1 (mod z^8+1), z^6+z^3+z^2+1 (mod z^8+1)]]"
"(2.2481964257996028e-05, 0.00012718945312534258)","[[z^7+z^5+z^2 (mod z^8+1), z^7+z^6+z^5+z^4+1 (mod z^8+1), z^6+z^4+z^2+z (mod z^8+1)]]"
"(1.9464458354247293e-05, 0.00010800976562463926)","[[z^4+z^3+z^2+z+1 (mod z^8+1), z^6+z^3+z (mod z^8+1), z^5+z^2+z+1 (mod z^8+1)]]"
"(1.9868476900515836e-05, 0.00011872851562530484)","[[z^7+z^2+z (mod z^8+1), z^7+z^6+z^4+z+1 (mod z^8+1), z^6+z^4+z^3+z^2 (mod z^8+1)]]"
"(2.4902211089647833e-05, 0.00012659374999984818)","[[z^6+z^5+z^4+z^3+z^2 (mod z^8+1), z^7+z^4+z (mod z^8+1), z^7+z^6+z^5+z^3 (mod z^8+1)]]"
"(3.0688174673777214e-05, 0.00013738476562519253)","[[z^7+z^5+z^2 (mod z^8+1), z^7+z^6+z^5+z^4+1 (mod z^8+1), z^7+z^5+z^4+1 (mod z^8+1)]]"
"(2.3328816285532624e-05, 0.00012829101562508716)","[[z^7+z^2+z (mod z^8+1), z^7+z^6+z^4+z+1 (mod z^8+1), z^7+z^6+z^2+1 (mod z^8+1)]]"
"(1.9034326965116644e-05, 0.00010705468750032976)","[[z^4+z^3+z^2+z+1 (mod z^8+1), z^6+z^3+z (mod z^8+1), z^5+z^4+z^2+z (mod z^8+1)]]"
"(2.6610274635120785e-05, 0.00010620898437500685)","[[z^3+z+1 (mod z^8+1), z^7+z^6+z^5+z^2+1 (mod z^8+1), z^5+z^3+z^2+z (mod z^8+1)]]"
"(3.713251560573602e-05, 0.00011906640625025666)","[[z^4+z^3+z^2+z+1 (mod z^8+1), z^6+z^3+z (mod z^8+1), z^7+z^5+z^3+z^2 (mod z^8+1)]]"
"(2.2582560321549895e-05, 0.00012969921875122248)","[[z^7+z^5+z^4+z^2+1 (mod z^8+1), z^7+z^6+z^5 (mod z^8+1), z^7+z^4+z^2+1 (mod z^8+1)]]"
"(3.3770650183901209e-05, 0.00012366601562507906)","[[z^6+z^3+z^2+z+1 (mod z^8+1), z^7+z^5+1 (mod z^8+1), z^7+z^5+z^4+z (mod z^8+1)]]"
"(2.5232482196672919e-05, 0.00011166992187495312)","[[z^4+z^3+z (mod z^8+1), z^7+z^6+z^5+z^4+z^2 (mod z^8+1), z^6+z^5+z^2+1 (mod z^8+1)]]"
"(2.2618043957800368e-05, 0.00012233984374973583)","[[z^7+z^5+z^2 (mod z^8+1), z^7+z^6+z^5+z^4+1 (mod z^8+1), z^7+z^6+z^4+1 (mod z^8+1)]]"
"(2.2059275362312698e-05, 0.00012086132812469397)","[[z^7+z^2+z (mod z^8+1), z^7+z^6+z^4+z+1 (mod z^8+1), z^5+z^4+z^2+1 (mod z^8+1)]]"
"(2.8565987205175556e-05, 0.00011606250000020801)","[[z^4+z^3+z^2+z+1 (mod z^8+1), z^6+z^3+z (mod z^8+1), z^7+z^3+z^2+1 (mod z^8+1)]]"
"(3.7856328661470507e-05, 0.0001269238281249585)","[[z^5+z^4+z^3+z^2+1 (mod z^8+1), z^6+z^5+z^3 (mod z^8+1), z^5+z^4+z^3+1 (mod z^8+1)]]"
"(1.8157291138984075e-05, 0.00011119335937467834)","[[z^5+z^4+z^3+z^2+1 (mod z^8+1), z^6+z^5+z^3 (mod z^8+1), z^7+z^6+z^5+z (mod z^8+1)]]"
"(2.2752180979718952e-05, 0.00012015429687461943)","[[z^6+z^3+z^2+z+1 (mod z^8+1), z^7+z^5+1 (mod z^8+1), z^7+z^6+z^4+1 (mod z^8+1)]]"
"(1.8766023325179918e-05, 0.00010604882812498273)","[[z^4+z^3+z^2+z+1 (mod z^8+1), z^6+z^3+z (mod z^8+1), z^4+z^2+z+1 (mod z^8+1)]]"
"(2.1278206449246806e-05, 0.00011617578124996364)","[[z^5+z^3+z^2 (mod z^8+1), z^6+z^5+z^4+z^3+1 (mod z^8+1), z^6+z^3+z^2+z (mod z^8+1)]]"
"(2.1781659027903006e-05, 0.00012331054687486631)","[[z^6+z^5+z^3+z^2+1 (mod z^8+1), z^7+z+1 (mod z^8+1), z^7+z^6+z^5+z^3 (mod z^8+1)]]"
"(2.6427113614283589e-05, 0.00011492187499995837)","[[z^4+z^3+z (mod z^8+1), z^7+z^6+z^5+z^4+z^2 (mod z^8+1), z^7+z^3+z^2+z (mod z^8+1)]]"
"(2.9359686248658557e-05, 0.00013274414062552919)","[[z^7+z^5+z^4+z^2+1 (mod z^8+1), z^7+z^6+z^5 (mod z^8+1), z^7+z^6+z^4+z^3 (mod z^8+1)]]"
"(2.8635731380447222e-05, 0.00012272265625005996)","[[z^5+z^3+z^2 (mod z^8+1), z^6+z^5+z^4+z^3+1 (mod z^8+1), z^7+z^4+z^2+1 (mod z^8+1)]]"
"(1.9461945791094773e-05, 0.00011782812500021889)","[[z^5+z^4+z^3+z^2+1 (mod z^8+1), z^6+z^5+z^3 (mod z^8+1), z^4+z^3+z^2+1 (mod z^8+1)]]"
"(2.1179670839954304e-05, 0.00011227539062541592)","[[z^4+z^3+z^2+z+1 (mod z^8+1), z^6+z^3+z (mod z^8+1), z^7+z^5+z^4+z^3 (mod z^8+1)]]"
"(2.6328689415410149e-05, 0.00012926757812492529)","[[z^7+z^4+z^2+z+1 (mod z^8+1), z^7+z^6+z (mod z^8+1), z^5+z^4+z^3+1 (mod z^8+1)]]"
"(2.6502283537807028e-05, 0.0001142421874999397)","[[z^4+z^3+z (mod z^8+1), z^7+z^6+z^5+z^4+z^2 (mod z^8+1), z^6+z^4+z^3+z^2 (mod z^8+1)]]"
"(3.0430957569540735e-05, 0.00012081835937499674)","[[z^5+z^4+z^3+z^2+1 (mod z^8+1), z^6+z^5+z^3 (mod z^8+1), z^5+z^4+z^2+1 (mod z^8+1)]]"
"(3.5958897968949615e-05, 0.00011880078125009463)","[[z^4+z^3+z^2+z+1 (mod z^8+1), z^6+z^3+z (mod z^8+1), z^7+z^6+z^4+z^2 (mod z^8+1)]]"
"(1.8677972004723611e-05, 0.00011902343749997657)","[[z^7+z^5+z^4+z^2+1 (mod z^8+1), z^7+z^6+z^5 (mod z^8+1), z^4+z^2+z+1 (mod z^8+1)]]"
"(2.2736686080502828e-05, 0.00012398828125026462)","[[z^7+z^2+z (mod z^8+1), z^7+z^6+z^4+z+1 (mod z^8+1), z^6+z^4+z+1 (mod z^8+1)]]"
"(3.0936379830466507e-05, 0.00011039648437499369)","[[z^3+z^2+z (mod z^8+1), z^6+z^4+z^3+z+1 (mod z^8+1), z^5+z^4+z^3+z (mod z^8+1)]]"
"(1.945070540628267e-05, 0.00012126171875009861)","[[z^7+z^2+z (mod z^8+1), z^7+z^6+z^4+z+1 (mod z^8+1), z^7+z^6+z^3+z (mod z^8+1)]]"
"(2.519031132177618e-05, 0.00012860351562415939)","[[z^7+z^5+z^4+z^2+1 (mod z^8+1), z^7+z^6+z^5 (mod z^8+1), z^7+z^5+z^3+1 (mod z^8+1)]]"
"(2.8397143021714286e-05, 0.00012629101562433576)","[[z^6+z^5+z^4+z^3+z^2 (mod z^8+1), z^7+z^4+z (mod z^8+1), z^6+z^5+z^2+1 (mod z^8+1)]]"
"(4.3856404115944221e-05, 0.00013236523437479275)","[[z^6+z^3+z^2+z+1 (mod z^8+1), z^7+z^5+1 (mod z^8+1), z^6+z^4+z^2+z (mod z^8+1)]]"
"(2.280997919239016e-05, 0.00010309765625005768)","[[z^3+z^2+z (mod z^8+1), z^6+z^4+z^3+z+1 (mod z^8+1), z^6+z^4+z+1 (mod z^8+1)]]"
"(2.6326597736054445e-05, 0.00012949023437508478)","[[z^7+z^5+z^4+z^2+1 (mod z^8+1), z^7+z^6+z^5 (mod z^8+1), z^6+z^5+z^3+z^2 (mod z^8+1)]]"
"(2.2563840366670529e-05, 0.00012588281249947819)","[[z^7+z^2+z (mod z^8+1), z^7+z^6+z^4+z+1 (mod z^8+1), z^7+z^6+z^5+z (mod z^8+1)]]"
"(2.0229128689451296e-05, 0.00011753320312471449)","[[z^5+z^4+z^3+z^2+1 (mod z^8+1), z^6+z^5+z^3 (mod z^8+1), z^6+z^5+z^3+z^2 (mod z^8+1)]]"
"(2.6792459320949514e-05, 0.00010625781250001194)","[[z^3+z+1 (mod z^8+1), z^7+z^6+z^5+z^2+1 (mod z^8+1), z^4+z^2+z+1 (mod z^8+1)]]"
"(2.0871631464489043e-05, 0.00012312500000019599)","[[z^7+z^5+z^2 (mod z^8+1), z^7+z^6+z^5+z^4+1 (mod z^8+1), z^5+z^4+z^2+1 (mod z^8+1)]]"
"(2.0973298672853865e-05, 0.00012317578125023432)","[[z^7+z^2+z (mod z^8+1), z^7+z^6+z^4+z+1 (mod z^8+1), z^6+z^3+z^2+1 (mod z^8+1)]]"
"(1.9406837737162033e-05, 0.00011867578124968858)","[[z^6+z^4+z^3+z^2+z (mod z^8+1), z^7+z^5+z^4 (mod z^8+1), z^6+z^4+z+1 (mod z^8+1)]]"
"(1.8301176039824594e-05, 0.00011172656250030277)","[[z^5+z^4+z^3+z^2+1 (mod z^8+1), z^6+z^5+z^3 (mod z^8+1), z^7+z^3+z^2+1 (mod z^8+1)]]"
"(3.8079408044434835e-05, 0.00013013867187533501)","[[z^6+z^5+z^4+z^3+z^2 (mod z^8+1), z^7+z^4+z (mod z^8+1), z^7+z^3+z+1 (mod z^8+1)]]"
"(2.297227257926917e-05, 0.00012505664062512079)","[[z^7+z^5+z^4+z^2+1 (mod z^8+1), z^7+z^6+z^5 (mod z^8+1), z^4+z^3+z^2+1 (mod z^8+1)]]"
"(1.8986322298267699e-05, 0.00010750585937510659)","[[z^4+z^3+z^2+z+1 (mod z^8+1), z^6+z^3+z (mod z^8+1), z^6+z^5+z^3+z^2 (mod z^8+1)]]"
"(2.82348569945958e-05, 0.00010777929687498695)","[[z^3+z+1 (mod z^8+1), z^7+z^6+z^5+z^2+1 (mod z^8+1), z^5+z^4+z^2+1 (mod z^8+1)]]"
"(2.0061549178973872e-05, 0.00012529492187457469)","[[z^7+z^5+z^4+z^2+1 (mod z^8+1), z^7+z^6+z^5 (mod z^8+1), z^7+z^5+z^4+z^3 (mod z^8+1)]]"
"(5.2351314168946623e-05, 0.00015349218749998242)","[[z^3+z+1 (mod z^8+1), z^7+z^6+z^5+z^2+1 (mod z^8+1), z^7+z^6+z^5+z^3 (mod z^8+1)]]"
"(4.7100757424203008e-05, 0.00013025976562494601)","[[z^5+z^4+z^3+z^2+1 (mod z^8+1), z^6+z^5+z^3 (mod z^8+1), z^7+z^6+z^4+1 (mod z^8+1)]]"
"(2.6600352094224984e-05, 0.00010490429687497194)","[[z^3+z^2+z (mod z^8+1), z^6+z^4+z^3+z+1 (mod z^8+1), z^7+z^5+z^3+1 (mod z^8+1)]]"
"(3.4243524983509468e-05, 0.00011173828124997828)","[[z^3+z+1 (mod z^8+1), z^7+z^6+z^5+z^2+1 (mod z^8+1), z^6+z^5+z^2+1 (mod z^8+1)]]"
"(3.6160465294878879e-05, 0.00012255273437519754)","[[z^5+z^3+z^2 (mod z^8+1), z^6+z^5+z^4+z^3+1 (mod z^8+1), z^7+z^4+z+1 (mod z^8+1)]]"
"(6.0366434725788555e-05, 0.00015074804687500998)","[[z^7+z^2+z (mod z^8+1), z^7+z^6+z^4+z+1 (mod z^8+1), z^7+z^4+z^3+z (mod z^8+1)]]"
"(2.4067728401006051e-05, 0.00010498242187512163)","[[z^3+z^2+z (mod z^8+1), z^6+z^4+z^3+z+1 (mod z^8+1), z^6+z^5+z^4+z (mod z^8+1)]]"
"(2.6737510474922907e-05, 0.00010604492187503423)","[[z^3+z+1 (mod z^8+1), z^7+z^6+z^5+z^2+1 (mod z^8+1), z^7+z^5+z^4+z (mod z^8+1)]]"
"(2.6582958286525243e-05, 0.00010905078124993917)","[[z^3+z^2+z (mod z^8+1), z^6+z^4+z^3+z+1 (mod z^8+1), z^7+z^6+z^3+z (mod z^8+1)]]"
"(2.1738008196966798e-05, 0.0001242539062499548)","[[z^7+z^2+z (mod z^8+1), z^7+z^6+z^4+z+1 (mod z^8+1), z^5+z^2+z+1 (mod z^8+1)]]"
"(2.4201909388354524e-05, 0.00011800195312490491)","[[z^5+z^3+z^2 (mod z^8+1), z^6+z^5+z^4+z^3+1 (mod z^8+1), z^7+z^5+z^4+1 (mod z^8+1)]]"
"(2.2412124609047827e-05, 0.0001273554687502565)","[[z^7+z^5+z^4+z^2+1 (mod z^8+1), z^7+z^6+z^5 (mod z^8+1), z^5+z^4+z^3+1 (mod z^8+1)]]"
"(3.703190927676199e-05, 0.0001295312500003698)","[[z^6+z^5+z^4+z^3+z^2 (mod z^8+1), z^7+z^4+z (mod z^8+1), z^7+z^5+z^4+z^3 (mod z^8+1)]]"
"(2.0774960499433401e-05, 0.00012144921875023584)","[[z^7+z^5+z^2 (mod z^8+1), z^7+z^6+z^5+z^4+1 (mod z^8+1), z^7+z^4+z^2+1 (mod z^8+1)]]"
"(6.5012196379090771e-05, 0.00018358984375027587)","[[z^6+z^3+z^2+z+1 (mod z^8+1), z^7+z^5+1 (mod z^8+1), z^7+z^5+z^4+z^3 (mod z^8+1)]]"
"(2.0086871024489877e-05, 0.00012300585937552455)","[[z^6+z^4+z^3+z^2+z (mod z^8+1), z^7+z^5+z^4 (mod z^8+1), z^7+z^6+z^4+z^2 (mod z^8+1)]]"
"(4.8896344218757177e-05, 0.00013944531250048575)","[[z^6+z^5+z^4+z^3+z^2 (mod z^8+1), z^7+z^4+z (mod z^8+1), z^7+z^5+z+1 (mod z^8+1)]]"
"(1.8180621547257607e-05, 0.00011109960937502605)","[[z^5+z^4+z^3+z^2+1 (mod z^8+1), z^6+z^5+z^3 (mod z^8+1), z^6+z^5+z^4+1 (mod z^8+1)]]"
"(1.8035115216315366e-05, 0.00011160937499998802)","[[z^5+z^4+z^3+z^2+1 (mod z^8+1), z^6+z^5+z^3 (mod z^8+1), z^6+z^4+z^3+1 (mod z^8+1)]]"
"(2.0037455390957678e-05, 0.00012051953125064019)","[[z^7+z^4+z^2+z+1 (mod z^8+1), z^7+z^6+z (mod z^8+1), z^5+z^4+z^3+z (mod z^8+1)]]"
"(2.7070445526243549e-05, 0.00012783593750023692)","[[z^7+z^5+z^2 (mod z^8+1), z^7+z^6+z^5+z^4+1 (mod z^8+1), z^7+z^6+z^4+z^3 (mod z^8+1)]]"
"(2.3955675202089423e-05, 0.00010380078124988534)","[[z^3+z^2+z (mod z^8+1), z^6+z^4+z^3+z+1 (mod z^8+1), z^7+z^5+z^2+z (mod z^8+1)]]"
"(2.1333077707452876e-05, 0.00012364453125029984)","[[z^6+z^3+z^2+z+1 (mod z^8+1), z^7+z^5+1 (mod z^8+1), z^6+z^5+z^2+1 (mod z^8+1)]]"
"(3.4979735475062612e-05, 0.00013498828124980378)","[[z^7+z^4+z^2+z+1 (mod z^8+1), z^7+z^6+z (mod z^8+1), z^4+z^3+z+1 (mod z^8+1)]]"
"(2.1727406309215857e-05, 0.00012004296875034459)","[[z^6+z^5+z^3+z^2+1 (mod z^8+1), z^7+z+1 (mod z^8+1), z^5+z^3+z^2+z (mod z^8+1)]]"
"(2.2374775975955888e-05, 0.00011383984374985223)","[[z^5+z^4+z^3 (mod z^8+1), z^7+z^6+z^4+z^2+z (mod z^8+1), z^7+z^5+z+1 (mod z^8+1)]]"
"(6.4672122266156652e-05, 0.00018746874999991947)","[[z^7+z^2+z (mod z^8+1), z^7+z^6+z^4+z+1 (mod z^8+1), z^7+z^4+z^3+z^2 (mod z^8+1)]]"
"(5.141726731623316e-05, 0.00013460351562499806)","[[z^4+z^3+z^2+z+1 (mod z^8+1), z^6+z^3+z (mod z^8+1), z^5+z^4+z^3+z (mod z^8+1)]]"
"(4.5717644427722207e-05, 0.00014331640624998254)","[[z^7+z^5+z^4+z^2+1 (mod z^8+1), z^7+z^6+z^5 (mod z^8+1), z^6+z^3+z^2+z (mod z^8+1)]]"
"(4.6600877468734033e-05, 0.00012114257812498655)","[[z^3+z^2+z (mod z^8+1), z^6+z^4+z^3+z+1 (mod z^8+1), z^4+z^3+z+1 (mod z^8+1)]]"
"(2.4846845863332037e-05, 0.00012572851562520082)","[[z^7+z^5+z^2 (mod z^8+1), z^7+z^6+z^5+z^4+1 (mod z^8+1), z^6+z^5+z^4+z (mod z^8+1)]]"
"(2.3357967841973544e-05, 0.00011729492187495527)","[[z^5+z^3+z^2 (mod z^8+1), z^6+z^5+z^4+z^3+1 (mod z^8+1), z^7+z^4+z^3+z^2 (mod z^8+1)]]"
"(3.1391663279292836e-05, 0.00011821874999978776)","[[z^4+z^3+z^2+z+1 (mod z^8+1), z^6+z^3+z (mod z^8+1), z^7+z^5+z^4+z (mod z^8+1)]]"
"(2.2020462836797743e-05, 0.000114615234375115)","[[z^5+z^4+z^3 (mod z^8+1), z^7+z^6+z^4+z^2+z (mod z^8+1), z^6+z^5+z^3+z (mod z^8+1)]]"
"(2.6731795061158808e-05, 0.00011378125000004874)","[[z^4+z^3+z (mod z^8+1), z^7+z^6+z^5+z^4+z^2 (mod z^8+1), z^7+z^5+z^3+z^2 (mod z^8+1)]]"
"(7.7297604605466497e-05, 0.00015467187499999466)","[[z^3+z^2+z (mod z^8+1), z^6+z^4+z^3+z+1 (mod z^8+1), z^5+z^4+z^2+z (mod z^8+1)]]"
"(4.2228664044453298e-05, 0.00014213867187476414)","[[z^5+z^4+z^3+z^2+1 (mod z^8+1), z^6+z^5+z^3 (mod z^8+1), z^7+z^6+z^3+z (mod z^8+1)]]"
"(5.4261445134356622e-05, 0.00015408984374931656)","[[z^6+z^4+z^3+z^2+z (mod z^8+1), z^7+z^5+z^4 (mod z^8+1), z^7+z^5+z^3+z^2 (mod z^8+1)]]"
"(2.8803567358107478e-05, 0.0001086210937499936)","[[z^3+z+1 (mod z^8+1), z^7+z^6+z^5+z^2+1 (mod z^8+1), z^6+z^5+z^4+z^2 (mod z^8+1)]]"
"(2.9590088695379627e-05, 0.00010866796874997239)","[[z^3+z+1 (mod z^8+1), z^7+z^6+z^5+z^2+1 (mod z^8+1), z^7+z^6+z^3+z (mod z^8+1)]]"
"(2.0632534339066214e-05, 0.00011786132812519057)","[[z^6+z^5+z^3+z^2+1 (mod z^8+1), z^7+z+1 (mod z^8+1), z^5+z^4+z^2+1 (mod z^8+1)]]"
"(3.1317373114594483e-05, 0.00012977148437470776)","[[z^7+z^4+z^2+z+1 (mod z^8+1), z^7+z^6+z (mod z^8+1), z^7+z^6+z^4+1 (mod z^8+1)]]"
"(2.2778589080088756e-05, 0.00012613671875058574)","[[z^7+z^2+z (mod z^8+1), z^7+z^6+z^4+z+1 (mod z^8+1), z^7+z^6+z^2+z (mod z^8+1)]]"
"(2.9107722712180629e-05, 0.00011579687500032354)","[[z^4+z^3+z^2+z+1 (mod z^8+1), z^6+z^3+z (mod z^8+1), z^6+z^4+z^3+z^2 (mod z^8+1)]]"
"(2.4997443030105994e-05, 0.00011133789062500038)","[[z^4+z^3+z (mod z^8+1), z^7+z^6+z^5+z^4+z^2 (mod z^8+1), z^6+z^5+z^3+z (mod z^8+1)]]"
"(2.2797463674118505e-05, 0.00010366015625005304)","[[z^3+z^2+z (mod z^8+1), z^6+z^4+z^3+z+1 (mod z^8+1), z^7+z^5+z+1 (mod z^8+1)]]"
"(2.457815534290995e-05, 0.00011133398437503106)","[[z^4+z^3+z (mod z^8+1), z^7+z^6+z^5+z^4+z^2 (mod z^8+1), z^7+z^5+z^4+z (mod z^8+1)]]"
"(2.2910842914020764e-05, 0.00012055859374959788)","[[z^7+z^4+z^2+z+1 (mod z^8+1), z^7+z^6+z (mod z^8+1), z^7+z^5+z^3+z^2 (mod z^8+1)]]"
"(1.8700419065260395e-05, 0.00011114453125052326)","[[z^5+z^4+z^3+z^2+1 (mod z^8+1), z^6+z^5+z^3 (mod z^8+1), z^7+z^6+z^2+1 (mod z^8+1)]]"
"(2.1478484633480628e-05, 0.00012558203125034861)","[[z^7+z^5+z^4+z^2+1 (mod z^8+1), z^7+z^6+z^5 (mod z^8+1), z^7+z^6+z^5+z (mod z^8+1)]]"
"(2.0299044427389458e-05, 0.00012116992187488629)","[[z^7+z^2+z (mod z^8+1), z^7+z^6+z^4+z+1 (mod z^8+1), z^7+z^5+z^4+z (mod z^8+1)]]"
"(2.9615362023799461e-05, 0.00011847460937516874)","[[z^4+z^3+z^2+z+1 (mod z^8+1), z^6+z^3+z (mod z^8+1), z^7+z^5+z^3+1 (mod z^8+1)]]"
"(2.022720664756042e-05, 0.00011231054687482755)","[[z^5+z^4+z^3+z^2+1 (mod z^8+1), z^6+z^5+z^3 (mod z^8+1), z^7+z^4+z^3+z^2 (mod z^8+1)]]"
"(4.0004893528008255e-05, 0.0001257402343748798)","[[z^5+z^4+z^3 (mod z^8+1), z^7+z^6+z^4+z^2+z (mod z^8+1), z^6+z^5+z^4+1 (mod z^8+1)]]"
"(2.4257670025305588e-05, 0.00011887890624978636)","[[z^5+z^4+z^3 (mod z^8+1), z^7+z^6+z^4+z^2+z (mod z^8+1), z^7+z^6+z^5+z (mod z^8+1)]]"
"(3.659729575689255e-05, 0.00013518554687524942)","[[z^6+z^4+z^3+z^2+z (mod z^8+1), z^7+z^5+z^4 (mod z^8+1), z^5+z^3+z^2+z (mod z^8+1)]]"
"(6.324621422941128e-05, 0.00018384570312502541)","[[z^4+z^3+z (mod z^8+1), z^7+z^6+z^5+z^4+z^2 (mod z^8+1), z^5+z^4+z^2+1 (mod z^8+1)]]"
"(2.3864216311194248e-05, 0.00012234960937318462)","[[z^6+z^5+z^4+z^3+z^2 (mod z^8+1), z^7+z^4+z (mod z^8+1), z^7+z^6+z^4+1 (mod z^8+1)]]"
"(2.6623161431553725e-05, 0.00010585937500000309)","[[z^3+z+1 (mod z^8+1), z^7+z^6+z^5+z^2+1 (mod z^8+1), z^5+z^3+z+1 (mod z^8+1)]]"
"(3.2743594351013828e-05, 0.00012938476562490697)","[[z^7+z^2+z (mod z^8+1), z^7+z^6+z^4+z+1 (mod z^8+1), z^7+z^5+z^2+z (mod z^8+1)]]"
"(2.9460687791016207e-05, 0.00012687695312546543)","[[z^6+z^5+z^4+z^3+z^2 (mod z^8+1), z^7+z^4+z (mod z^8+1), z^5+z^4+z^2+1 (mod z^8+1)]]"
"(2.4871839466061832e-05, 0.00012534375000022857)","[[z^7+z^5+z^2 (mod z^8+1), z^7+z^6+z^5+z^4+1 (mod z^8+1), z^6+z^4+z^3+z^2 (mod z^8+1)]]"
"(1.8477199112864796e-05, 0.00011407226562470951)","[[z^5+z^4+z^3+z^2+1 (mod z^8+1), z^6+z^5+z^3 (mod z^8+1), z^7+z^5+z^3+1 (mod z^8+1)]]"
"(2.264518284434549e-05, 0.00012798046874978874)","[[z^7+z^5+z^4+z^2+1 (mod z^8+1), z^7+z^6+z^5 (mod z^8+1), z^7+z^5+z^3+z^2 (mod z^8+1)]]"
"(3.0521346579669167e-05, 0.00012573828124989861)","[[z^6+z^5+z^4+z^3+z^2 (mod z^8+1), z^7+z^4+z (mod z^8+1), z^7+z^5+z^4+z (mod z^8+1)]]"
"(2.3149720788782286e-05, 0.00010413476562501356)","[[z^3+z^2+z (mod z^8+1), z^6+z^4+z^3+z+1 (mod z^8+1), z^6+z^5+z^4+z^2 (mod z^8+1)]]"
"(2.6113689693845626e-05, 0.00011637109374994237)","[[z^5+z^3+z^2 (mod z^8+1), z^6+z^5+z^4+z^3+1 (mod z^8+1), z^7+z^3+z+1 (mod z^8+1)]]"
"(1.9358913117169889e-05, 0.00011688281250032961)","[[z^6+z^5+z^3+z^2+1 (mod z^8+1), z^7+z+1 (mod z^8+1), z^7+z^5+z^4+z (mod z^8+1)]]"
"(2.3933139174716984e-05, 0.00011909765625003899)","[[z^5+z^3+1 (mod z^8+1), z^7+z^6+z^2+z+1 (mod z^8+1), z^7+z^3+z^2+z (mod z^8+1)]]"
"(5.0950719584917672e-05, 0.00015168945312404869)","[[z^6+z^4+z^3+z^2+z (mod z^8+1), z^7+z^5+z^4 (mod z^8+1), z^4+z^2+z+1 (mod z^8+1)]]"
"(2.3100925760548477e-05, 0.00012516406250015488)","[[z^7+z^2+z (mod z^8+1), z^7+z^6+z^4+z+1 (mod z^8+1), z^6+z^5+z^4+z^2 (mod z^8+1)]]"
"(3.1406937716214428e-05, 0.00012027734375008592)","[[z^5+z^4+z^3+z^2+1 (mod z^8+1), z^6+z^5+z^3 (mod z^8+1), z^7+z^4+z^3+z (mod z^8+1)]]"
"(3.0426474827968241e-05, 0.00012836328124848917)","[[z^7+z^4+z^2+z+1 (mod z^8+1), z^7+z^6+z (mod z^8+1), z^7+z^3+z+1 (mod z^8+1)]]"
"(2.3291444571394429e-05, 0.00011764257812522938)","[[z^5+z^3+1 (mod z^8+1), z^7+z^6+z^2+z+1 (mod z^8+1), z^6+z^5+z^2+1 (mod z^8+1)]]"
"(2.9577872668765208e-05, 0.00010874414062498478)","[[z^3+z^2+z (mod z^8+1), z^6+z^4+z^3+z+1 (mod z^8+1), z^6+z^5+z^2+1 (mod z^8+1)]]"
"(6.9468808399497428e-05, 0.00014388867187464793)","[[z^6+z^5+z^3+z^2+1 (mod z^8+1), z^7+z+1 (mod z^8+1), z^7+z^4+z^2+1 (mod z^8+1)]]"
"(2.1047554939934954e-05, 0.00012604882812516927)","[[z^7+z^4+z^2+z+1 (mod z^8+1), z^7+z^6+z (mod z^8+1), z^6+z^4+z+1 (mod z^8+1)]]"
"(2.3271393726403892e-05, 0.00012305273437512865)","[[z^7+z^5+z^2 (mod z^8+1), z^7+z^6+z^5+z^4+1 (mod z^8+1), z^7+z^6+z^5+z^3 (mod z^8+1)]]"
"(2.1029531513382848e-05, 0.00011712890624998584)","[[z^5+z^4+z^3+z^2+1 (mod z^8+1), z^6+z^5+z^3 (mod z^8+1), z^7+z^4+z+1 (mod z^8+1)]]"
"(4.5656057494353684e-05, 0.00013628124999992552)","[[z^7+z^4+z^2+z+1 (mod z^8+1), z^7+z^6+z (mod z^8+1), z^6+z^2+z+1 (mod z^8+1)]]"
"(3.0006880352696849e-05, 0.00011008398437496389)","[[z^3+z+1 (mod z^8+1), z^7+z^6+z^5+z^2+1 (mod z^8+1), z^7+z^4+z^2+1 (mod z^8+1)]]"
"(3.9446333293353977e-05, 0.00013397851562557683)","[[z^6+z^5+z^3+z^2+1 (mod z^8+1), z^7+z+1 (mod z^8+1), z^6+z^4+z^3+1 (mod z^8+1)]]"
"(2.5518184087308543e-05, 0.00011175390625002557)","[[z^4+z^3+z (mod z^8+1), z^7+z^6+z^5+z^4+z^2 (mod z^8+1), z^7+z^6+z^3+z (mod z^8+1)]]"
"(2.3398372286556575e-05, 0.0001157265624999182)","[[z^5+z^4+z^3 (mod z^8+1), z^7+z^6+z^4+z^2+z (mod z^8+1), z^7+z^6+z^4+z^2 (mod z^8+1)]]"
"(4.4170987207134479e-05, 0.00014236718749932598)","[[z^7+z^4+z^2+z+1 (mod z^8+1), z^7+z^6+z (mod z^8+1), z^5+z^3+z+1 (mod z^8+1)]]"
"(2.1853868752304052e-05, 0.00011483398437503456)","[[z^5+z^3+z^2 (mod z^8+1), z^6+z^5+z^4+z^3+1 (mod z^8+1), z^7+z^4+z^3+z (mod z^8+1)]]"
"(1.9350247230726728e-05, 0.00011578906250014898)","[[z^6+z^5+z^3+z^2+1 (mod z^8+1), z^7+z+1 (mod z^8+1), z^4+z^2+z+1 (mod z^8+1)]]"
"(2.255045882797895e-05, 0.00012723437500014589)","[[z^7+z^5+z^2 (mod z^8+1), z^7+z^6+z^5+z^4+1 (mod z^8+1), z^5+z^3+z+1 (mod z^8+1)]]"
"(4.1037097801866398e-05, 0.00013266406250006524)","[[z^6+z^5+z^4+z^3+z^2 (mod z^8+1), z^7+z^4+z (mod z^8+1), z^7+z^5+z^3+z^2 (mod z^8+1)]]"
"(2.3931619504416907e-05, 0.00012814062499905132)","[[z^7+z^5+z^4+z^2+1 (mod z^8+1), z^7+z^6+z^5 (mod z^8+1), z^6+z^4+z^3+z^2 (mod z^8+1)]]"
"(1.9118749855941214e-05, 0.00010747265625010716)","[[z^4+z^3+z^2+z+1 (mod z^8+1), z^6+z^3+z (mod z^8+1), z^5+z^4+z^3+1 (mod z^8+1)]]"
"(1.8065824737442938e-05, 0.00011134375000007579)","[[z^5+z^4+z^3+z^2+1 (mod z^8+1), z^6+z^5+z^3 (mod z^8+1), z^7+z^6+z^5+z^2 (mod z^8+1)]]"
"(2.3666575749302828e-05, 0.00011809179687487237)","[[z^5+z^4+z^3 (mod z^8+1), z^7+z^6+z^4+z^2+z (mod z^8+1), z^6+z^5+z^4+z^2 (mod z^8+1)]]"
"(2.3553402791248536e-05, 0.00012033789062559919)","[[z^5+z^4+z^3+z^2+1 (mod z^8+1), z^6+z^5+z^3 (mod z^8+1), z^6+z^5+z+1 (mod z^8+1)]]"
"(2.3510457978943584e-05, 0.00012591992187516166)","[[z^7+z^4+z^2+z+1 (mod z^8+1), z^7+z^6+z (mod z^8+1), z^7+z^3+z^2+1 (mod z^8+1)]]"
"(2.7078433731538167e-05, 0.00012940820312512535)","[[z^7+z^5+z^4+z^2+1 (mod z^8+1), z^7+z^6+z^5 (mod z^8+1), z^6+z^5+z^4+1 (mod z^8+1)]]"
"(3.6451814800458299e-05, 0.00011333593749998302)","[[z^3+z+1 (mod z^8+1), z^7+z^6+z^5+z^2+1 (mod z^8+1), z^7+z^6+z^4+z^2 (mod z^8+1)]]"
"(3.402509324354506e-05, 0.00012725781250011448)","[[z^6+z^3+z^2+z+1 (mod z^8+1), z^7+z^5+1 (mod z^8+1), z^5+z^3+z^2+z (mod z^8+1)]]"
"(3.3910270712708081e-05, 0.00011918164062491021)","[[z^4+z^3+z^2+z+1 (mod z^8+1), z^6+z^3+z (mod z^8+1), z^6+z^5+z^4+1 (mod z^8+1)]]"
"(2.3281885002698813e-05, 0.00011670898437467214)","[[z^5+z^3+z^2 (mod z^8+1), z^6+z^5+z^4+z^3+1 (mod z^8+1), z^6+z^5+z^4+1 (mod z^8+1)]]"
"(1.9026881024730103e-05, 0.0001075351562496718)","[[z^4+z^3+z^2+z+1 (mod z^8+1), z^6+z^3+z (mod z^8+1), z^6+z^3+z^2+z (mod z^8+1)]]"
"(2.6512878455437701e-05, 0.00011616796874998336)","[[z^4+z^3+z (mod z^8+1), z^7+z^6+z^5+z^4+z^2 (mod z^8+1), z^7+z^5+z^3+1 (mod z^8+1)]]"
"(2.2465810613022506e-05, 0.00011867187500064214)","[[z^6+z^5+z^4+z^3+z^2 (mod z^8+1), z^7+z^4+z (mod z^8+1), z^5+z^4+z^3+z (mod z^8+1)]]"
"(2.2475876485851025e-05, 0.0001151210937500452)","[[z^5+z^3+1 (mod z^8+1), z^7+z^6+z^2+z+1 (mod z^8+1), z^7+z^4+z^3+z (mod z^8+1)]]"
"(2.4206624910237972e-05, 0.00011843554687505919)","[[z^5+z^3+1 (mod z^8+1), z^7+z^6+z^2+z+1 (mod z^8+1), z^7+z^5+z^3+z^2 (mod z^8+1)]]"
"(3.0152727528404429e-05, 0.00013488085937424232)","[[z^6+z^4+z^3+z^2+z (mod z^8+1), z^7+z^5+z^4 (mod z^8+1), z^7+z^3+z+1 (mod z^8+1)]]"
"(2.1165928304606885e-05, 0.00012466406249991846)","[[z^7+z^2+z (mod z^8+1), z^7+z^6+z^4+z+1 (mod z^8+1), z^6+z^4+z^2+z (mod z^8+1)]]"
"(2.0775422757698908e-05, 0.00011939648437381267)","[[z^6+z^5+z^3+z^2+1 (mod z^8+1), z^7+z+1 (mod z^8+1), z^5+z^3+z+1 (mod z^8+1)]]"
"(2.192784693107521e-05, 0.00012661523437570987)","[[z^7+z^2+z (mod z^8+1), z^7+z^6+z^4+z+1 (mod z^8+1), z^7+z^6+z^4+z^2 (mod z^8+1)]]"
"(1.8909753900171144e-05, 0.00011626757812480126)","[[z^5+z^4+z^3+z^2+1 (mod z^8+1), z^6+z^5+z^3 (mod z^8+1), z^7+z^5+z^4+z (mod z^8+1)]]"
"(1.891670036518094e-05, 0.00011545312499994242)","[[z^6+z^3+z^2+z+1 (mod z^8+1), z^7+z^5+1 (mod z^8+1), z^4+z^3+z^2+1 (mod z^8+1)]]"
"(2.5297893086583807e-05, 0.00012675195312511489)","[[z^7+z^5+z^4+z^2+1 (mod z^8+1), z^7+z^6+z^5 (mod z^8+1), z^6+z^5+z^2+1 (mod z^8+1)]]"
"(2.2036223673524672e-05, 0.00012439843749997848)","[[z^7+z^5+z^2 (mod z^8+1), z^7+z^6+z^5+z^4+1 (mod z^8+1), z^5+z^4+z^3+z (mod z^8+1)]]"
"(2.2323153477083367e-05, 0.00011367968750014557)","[[z^5+z^4+z^3 (mod z^8+1), z^7+z^6+z^4+z^2+z (mod z^8+1), z^7+z^4+z^3+z (mod z^8+1)]]"
"(2.1586919695123104e-05, 0.00011587109375015003)","[[z^5+z^3+z^2 (mod z^8+1), z^6+z^5+z^4+z^3+1 (mod z^8+1), z^7+z^5+z^4+z^3 (mod z^8+1)]]"
"(2.2671446614503816e-05, 0.00012507421875063152)","[[z^6+z^4+z^3+z^2+z (mod z^8+1), z^7+z^5+z^4 (mod z^8+1), z^5+z^3+z+1 (mod z^8+1)]]"
"(2.9803755143595162e-05, 0.00012119726562496991)","[[z^5+z^3+z^2 (mod z^8+1), z^6+z^5+z^4+z^3+1 (mod z^8+1), z^6+z^5+z^2+1 (mod z^8+1)]]"
"(2.5818352799216544e-05, 0.00012710156249973181)","[[z^7+z^4+z^2+z+1 (mod z^8+1), z^7+z^6+z (mod z^8+1), z^7+z^6+z^4+z^3 (mod z^8+1)]]"
"(2.1871433773929622e-05, 0.00011256054687476535)","[[z^5+z^3+1 (mod z^8+1), z^7+z^6+z^2+z+1 (mod z^8+1), z^5+z^3+z+1 (mod z^8+1)]]"
"(2.2227361585333912e-05, 0.00012505468749968163)","[[z^7+z^4+z^2+z+1 (mod z^8+1), z^7+z^6+z (mod z^8+1), z^7+z^6+z^5+z^2 (mod z^8+1)]]"
"(3.0698570787336934e-05, 0.0001155097656249382)","[[z^4+z^3+z^2+z+1 (mod z^8+1), z^6+z^3+z (mod z^8+1), z^6+z^5+z^4+z (mod z^8+1)]]"
"(2.2288525692413646e-05, 0.00012432617187513317)","[[z^7+z^2+z (mod z^8+1), z^7+z^6+z^4+z+1 (mod z^8+1), z^6+z^2+z+1 (mod z^8+1)]]"
"(2.2318264257123571e-05, 0.0001237734375000854)","[[z^7+z^2+z (mod z^8+1), z^7+z^6+z^4+z+1 (mod z^8+1), z^5+z^4+z^3+z (mod z^8+1)]]"
"(2.0071891891732633e-05, 0.00012225390625014709)","[[z^7+z^5+z^2 (mod z^8+1), z^7+z^6+z^5+z^4+1 (mod z^8+1), z^7+z^5+z^3+1 (mod z^8+1)]]"
"(1.9553512312201797e-05, 0.00011562500000034115)","[[z^6+z^5+z^3+z^2+1 (mod z^8+1), z^7+z+1 (mod z^8+1), z^5+z^4+z^3+z (mod z^8+1)]]"
"(2.0605905190274726e-05, 0.00011698632812462417)","[[z^6+z^3+z^2+z+1 (mod z^8+1), z^7+z^5+1 (mod z^8+1), z^6+z^5+z^3+z (mod z^8+1)]]"
"(3.5920233411835041e-05, 0.00012118359375012933)","[[z^4+z^3+z^2+z+1 (mod z^8+1), z^6+z^3+z (mod z^8+1), z^7+z^4+z^3+z^2 (mod z^8+1)]]"
"(2.1092129566876116e-05, 0.00012078124999964635)","[[z^6+z^4+z^3+z^2+z (mod z^8+1), z^7+z^5+z^4 (mod z^8+1), z^5+z^4+z^2+1 (mod z^8+1)]]"
"(1.8266247244968542e-05, 0.0001115214843750989)","[[z^5+z^4+z^3+z^2+1 (mod z^8+1), z^6+z^5+z^3 (mod z^8+1), z^7+z^6+z^3+1 (mod z^8+1)]]"
"(2.2220112475963795e-05, 0.00012409375000030365)","[[z^7+z^2+z (mod z^8+1), z^7+z^6+z^4+z+1 (mod z^8+1), z^7+z^5+z^4+z^3 (mod z^8+1)]]"
"(2.0954007237910212e-05, 0.00012479296875017587)","[[z^7+z^5+z^2 (mod z^8+1), z^7+z^6+z^5+z^4+1 (mod z^8+1), z^4+z^3+z+1 (mod z^8+1)]]"
"(2.3030883951792756e-05, 0.00010391015624996308)","[[z^3+z^2+z (mod z^8+1), z^6+z^4+z^3+z+1 (mod z^8+1), z^5+z^2+z+1 (mod z^8+1)]]"
"(2.2992524632161562e-05, 0.00010350781250004215)","[[z^3+z^2+z (mod z^8+1), z^6+z^4+z^3+z+1 (mod z^8+1), z^6+z^4+z^3+z^2 (mod z^8+1)]]"
"(2.3381963417210154e-05, 0.00012936523437473424)","[[z^7+z^5+z^4+z^2+1 (mod z^8+1), z^7+z^6+z^5 (mod z^8+1), z^7+z^3+z^2+z (mod z^8+1)]]"
"(2.2711493717389278e-05, 0.00011408007812500898)","[[z^5+z^4+z^3 (mod z^8+1), z^7+z^6+z^4+z^2+z (mod z^8+1), z^6+z^4+z^3+z^2 (mod z^8+1)]]"
"(2.2816196507962581e-05, 0.00011455664062502702)","[[z^5+z^4+z^3 (mod z^8+1), z^7+z^6+z^4+z^2+z (mod z^8+1), z^6+z^4+z+1 (mod z^8+1)]]"
"(2.0498605076165746e-05, 0.00012660156249988397)","[[z^7+z^5+z^4+z^2+1 (mod z^8+1), z^7+z^6+z^5 (mod z^8+1), z^7+z^6+z^3+1 (mod z^8+1)]]"
"(2.4030379380138777e-05, 0.00012780273437562606)","[[z^7+z^4+z^2+z+1 (mod z^8+1), z^7+z^6+z (mod z^8+1), z^7+z^6+z^4+z^2 (mod z^8+1)]]"
"(2.0388450255079354e-05, 0.00011114843749991665)","[[z^5+z^3+z^2 (mod z^8+1), z^6+z^5+z^4+z^3+1 (mod z^8+1), z^4+z^2+z+1 (mod z^8+1)]]"
"(2.0752926172956427e-05, 0.00012432421875030464)","[[z^7+z^4+z^2+z+1 (mod z^8+1), z^7+z^6+z (mod z^8+1), z^7+z^6+z^5+z^3 (mod z^8+1)]]"
"(2.0006806931626374e-05, 0.00011588671875015222)","[[z^6+z^3+z^2+z+1 (mod z^8+1), z^7+z^5+1 (mod z^8+1), z^6+z^4+z^3+z^2 (mod z^8+1)]]"
"(2.4140057307085858e-05, 0.00011839257812513992)","[[z^5+z^3+z^2 (mod z^8+1), z^6+z^5+z^4+z^3+1 (mod z^8+1), z^6+z^4+z^3+1 (mod z^8+1)]]"
"(2.34899367028625e-05, 0.00011433398437496467)","[[z^5+z^4+z^3 (mod z^8+1), z^7+z^6+z^4+z^2+z (mod z^8+1), z^5+z^3+z+1 (mod z^8+1)]]"
"(4.8782249034915548e-05, 0.00015076367187571993)","[[z^6+z^5+z^4+z^3+z^2 (mod z^8+1), z^7+z^4+z (mod z^8+1), z^6+z^4+z+1 (mod z^8+1)]]"
"(2.0643753957883277e-05, 0.00012122851562484938)","[[z^7+z^2+z (mod z^8+1), z^7+z^6+z^4+z+1 (mod z^8+1), z^7+z^3+z^2+1 (mod z^8+1)]]"
"(4.3465133154469775e-05, 0.00011889648437505423)","[[z^3+z^2+z (mod z^8+1), z^6+z^4+z^3+z+1 (mod z^8+1), z^7+z^6+z^4+z^3 (mod z^8+1)]]"
"(2.6901752942315964e-05, 0.00010706835937500901)","[[z^3+z+1 (mod z^8+1), z^7+z^6+z^5+z^2+1 (mod z^8+1), z^7+z^3+z+1 (mod z^8+1)]]"
"(2.4346943284698687e-05, 0.00010581835937509276)","[[z^3+z^2+z (mod z^8+1), z^6+z^4+z^3+z+1 (mod z^8+1), z^7+z^6+z^4+z^2 (mod z^8+1)]]"
"(2.4713193633677366e-05, 0.00012856445312547926)","[[z^7+z^4+z^2+z+1 (mod z^8+1), z^7+z^6+z (mod z^8+1), z^7+z^6+z^3+1 (mod z^8+1)]]"
"(2.2306357940706866e-05, 0.00012640820312551093)","[[z^7+z^2+z (mod z^8+1), z^7+z^6+z^4+z+1 (mod z^8+1), z^5+z^3+z^2+z (mod z^8+1)]]"
"(3.7603502792078174e-05, 0.00013849609374994021)","[[z^7+z^5+z^2 (mod z^8+1), z^7+z^6+z^5+z^4+1 (mod z^8+1), z^7+z^5+z^2+z (mod z^8+1)]]"
"(2.262331514800853e-05, 0.00011645507812491074)","[[z^5+z^3+z^2 (mod z^8+1), z^6+z^5+z^4+z^3+1 (mod z^8+1), z^7+z^6+z^3+1 (mod z^8+1)]]"
"(2.4768034866058199e-05, 0.00012830859375068115)","[[z^7+z^4+z^2+z+1 (mod z^8+1), z^7+z^6+z (mod z^8+1), z^7+z^6+z^2+1 (mod z^8+1)]]"
"(2.121827501802494e-05, 0.00011982421874889848)","[[z^6+z^4+z^3+z^2+z (mod z^8+1), z^7+z^5+z^4 (mod z^8+1), z^6+z^5+z^4+1 (mod z^8+1)]]"
"(1.898896941176305e-05, 0.00010675976562515843)","[[z^4+z^3+z^2+z+1 (mod z^8+1), z^6+z^3+z (mod z^8+1), z^7+z^6+z^2+1 (mod z^8+1)]]"
"(6.5693440379502337e-05, 0.00016135742187478597)","[[z^6+z^5+z^3+z^2+1 (mod z^8+1), z^7+z+1 (mod z^8+1), z^6+z^5+z^4+z^2 (mod z^8+1)]]"
"(2.5510310389031515e-05, 0.00012770117187504981)","[[z^7+z^4+z^2+z+1 (mod z^8+1), z^7+z^6+z (mod z^8+1), z^7+z^6+z^5+z (mod z^8+1)]]"
"(2.4977485513130298e-05, 0.00012033398437498455)","[[z^5+z^3+1 (mod z^8+1), z^7+z^6+z^2+z+1 (mod z^8+1), z^7+z^3+z+1 (mod z^8+1)]]"
"(2.3942449789517933e-05, 0.00012723242187451245)","[[z^6+z^5+z^4+z^3+z^2 (mod z^8+1), z^7+z^4+z (mod z^8+1), z^5+z^3+z+1 (mod z^8+1)]]"
"(3.0325377255928985e-05, 0.00011978710937457504)","[[z^5+z^4+z^3+z^2+1 (mod z^8+1), z^6+z^5+z^3 (mod z^8+1), z^6+z^4+z^2+z (mod z^8+1)]]"
"(2.0217170759662605e-05, 0.00011148046874989714)","[[z^4+z^3+z^2+z+1 (mod z^8+1), z^6+z^3+z (mod z^8+1), z^7+z^3+z^2+z (mod z^8+1)]]"
"(2.0168818755939417e-05, 0.00012243750000012765)","[[z^7+z^5+z^2 (mod z^8+1), z^7+z^6+z^5+z^4+1 (mod z^8+1), z^7+z^6+z^5+z (mod z^8+1)]]"
"(2.220686290619301e-05, 0.00012715234374971462)","[[z^7+z^2+z (mod z^8+1), z^7+z^6+z^4+z+1 (mod z^8+1), z^6+z^5+z+1 (mod z^8+1)]]"
"(2.235567863450802e-05, 0.00012665625000030101)","[[z^7+z^4+z^2+z+1 (mod z^8+1), z^7+z^6+z (mod z^8+1), z^5+z^2+z+1 (mod z^8+1)]]"
"(2.1309117470940902e-05, 0.00012215820312538872)","[[z^7+z^2+z (mod z^8+1), z^7+z^6+z^4+z+1 (mod z^8+1), z^7+z^6+z^5+z^2 (mod z^8+1)]]"
"(2.2451976473479189e-05, 0.00012460156249982646)","[[z^7+z^5+z^2 (mod z^8+1), z^7+z^6+z^5+z^4+1 (mod z^8+1), z^6+z^4+z+1 (mod z^8+1)]]"
"(2.1993518220823835e-05, 0.0001221874999995376)","[[z^6+z^3+z^2+z+1 (mod z^8+1), z^7+z^5+1 (mod z^8+1), z^7+z^4+z^2+1 (mod z^8+1)]]"
"(2.1565800246825082e-05, 0.0001261718750003582)","[[z^7+z^5+z^4+z^2+1 (mod z^8+1), z^7+z^6+z^5 (mod z^8+1), z^4+z^3+z+1 (mod z^8+1)]]"
"(2.3723661575021897e-05, 0.00011701953124984565)","[[z^5+z^3+z^2 (mod z^8+1), z^6+z^5+z^4+z^3+1 (mod z^8+1), z^7+z^6+z^5+z (mod z^8+1)]]"
"(2.4377599020111174e-05, 0.00010442187499998257)","[[z^3+z^2+z (mod z^8+1), z^6+z^4+z^3+z+1 (mod z^8+1), z^7+z^6+z^5+z^2 (mod z^8+1)]]"
"(1.8554256471263137e-05, 0.00011723242187561267)","[[z^6+z^5+z^4+z^3+z^2 (mod z^8+1), z^7+z^4+z (mod z^8+1), z^6+z^4+z^3+z^2 (mod z^8+1)]]"
"(3.0202190354903881e-05, 0.00013316406250007962)","[[z^7+z^5+z^4+z^2+1 (mod z^8+1), z^7+z^6+z^5 (mod z^8+1), z^7+z^6+z^5+z^3 (mod z^8+1)]]"
"(2.4367819642944844e-05, 0.00012423046874956989)","[[z^6+z^3+z^2+z+1 (mod z^8+1), z^7+z^5+1 (mod z^8+1), z^6+z^2+z+1 (mod z^8+1)]]"
"(2.2281616294796428e-05, 0.00012469335937459469)","[[z^6+z^4+z^3+z^2+z (mod z^8+1), z^7+z^5+z^4 (mod z^8+1), z^7+z^3+z^2+z (mod z^8+1)]]"
"(4.930274698673379e-05, 0.00012552929687492317)","[[z^3+z+1 (mod z^8+1), z^7+z^6+z^5+z^2+1 (mod z^8+1), z^7+z^6+z^2+1 (mod z^8+1)]]"
"(2.3381427717502568e-05, 0.00011714062500015054)","[[z^5+z^3+1 (mod z^8+1), z^7+z^6+z^2+z+1 (mod z^8+1), z^7+z^5+z^2+z (mod z^8+1)]]"
"(4.3207422676484912e-05, 0.00013172851562540111)","[[z^5+z^4+z^3+z^2+1 (mod z^8+1), z^6+z^5+z^3 (mod z^8+1), z^6+z^3+z^2+1 (mod z^8+1)]]"
"(4.3730086801820258e-05, 0.00013739257812439565)","[[z^6+z^5+z^4+z^3+z^2 (mod z^8+1), z^7+z^4+z (mod z^8+1), z^5+z^3+z^2+z (mod z^8+1)]]"
"(1.9883946354528561e-05, 0.00011984765624972749)","[[z^6+z^5+z^3+z^2+1 (mod z^8+1), z^7+z+1 (mod z^8+1), z^4+z^3+z^2+1 (mod z^8+1)]]"
"(2.6466452038003682e-05, 0.00011133593749973469)","[[z^4+z^3+z^2+z+1 (mod z^8+1), z^6+z^3+z (mod z^8+1), z^7+z^6+z^2+z (mod z^8+1)]]"
"(4.5105256091520578e-05, 0.0001365644531256538)","[[z^6+z^5+z^3+z^2+1 (mod z^8+1), z^7+z+1 (mod z^8+1), z^7+z^5+z^3+z^2 (mod z^8+1)]]"
"(2.3489075739277946e-05, 0.00011492578125013586)","[[z^5+z^4+z^3+z^2+1 (mod z^8+1), z^6+z^5+z^3 (mod z^8+1), z^7+z^5+z^4+z^3 (mod z^8+1)]]"
"(1.9304540086014811e-05, 0.00011727734374944454)","[[z^6+z^4+z^3+z^2+z (mod z^8+1), z^7+z^5+z^4 (mod z^8+1), z^7+z^4+z^3+z (mod z^8+1)]]"
"(2.6994990131255993e-05, 0.00010690624999998288)","[[z^3+z+1 (mod z^8+1), z^7+z^6+z^5+z^2+1 (mod z^8+1), z^6+z^2+z+1 (mod z^8+1)]]"
"(2.6594029928295299e-05, 0.00010643945312501998)","[[z^3+z+1 (mod z^8+1), z^7+z^6+z^5+z^2+1 (mod z^8+1), z^6+z^4+z^3+z^2 (mod z^8+1)]]"
"(1.8515360872795437e-05, 0.00011790234375080866)","[[z^6+z^4+z^3+z^2+z (mod z^8+1), z^7+z^5+z^4 (mod z^8+1), z^7+z^5+z^2+z (mod z^8+1)]]"
"(2.4787152697473645e-05, 0.00011160546875008115)","[[z^4+z^3+z (mod z^8+1), z^7+z^6+z^5+z^4+z^2 (mod z^8+1), z^4+z^2+z+1 (mod z^8+1)]]"
"(1.8599683824676391e-05, 0.00011224804687456902)","[[z^5+z^4+z^3+z^2+1 (mod z^8+1), z^6+z^5+z^3 (mod z^8+1), z^7+z^5+z+1 (mod z^8+1)]]"
"(2.7958637476839107e-05, 0.00012976171875073161)","[[z^7+z^5+z^4+z^2+1 (mod z^8+1), z^7+z^6+z^5 (mod z^8+1), z^6+z^4+z^3+1 (mod z^8+1)]]"
"(1.8681728632672257e-05, 0.00011605273437462205)","[[z^6+z^3+z^2+z+1 (mod z^8+1), z^7+z^5+1 (mod z^8+1), z^6+z^4+z+1 (mod z^8+1)]]"
"(2.1183643721305417e-05, 0.00011926757812563693)","[[z^6+z^3+z^2+z+1 (mod z^8+1), z^7+z^5+1 (mod z^8+1), z^7+z^5+z+1 (mod z^8+1)]]"
"(2.0347031945494786e-05, 0.00012182812499961226)","[[z^7+z^2+z (mod z^8+1), z^7+z^6+z^4+z+1 (mod z^8+1), z^6+z^4+z^3+1 (mod z^8+1)]]"
"(2.5157894938539311e-05, 0.00012042187500013735)","[[z^5+z^4+z^3 (mod z^8+1), z^7+z^6+z^4+z^2+z (mod z^8+1), z^7+z^5+z^2+z (mod z^8+1)]]"
"(1.8597004376369891e-05, 0.00010755468750023311)","[[z^4+z^3+z^2+z+1 (mod z^8+1), z^6+z^3+z (mod z^8+1), z^6+z^4+z+1 (mod z^8+1)]]"
"(2.1230945256810229e-05, 0.00011016796874979695)","[[z^4+z^3+z^2+z+1 (mod z^8+1), z^6+z^3+z (mod z^8+1), z^6+z^5+z^3+z (mod z^8+1)]]"
"(4.2244729700969147e-05, 0.00012806249999997021)","[[z^5+z^4+z^3+z^2+1 (mod z^8+1), z^6+z^5+z^3 (mod z^8+1), z^5+z^4+z^2+z (mod z^8+1)]]"
"(2.0823865839546013e-05, 0.00011996289062504717)","[[z^6+z^4+z^3+z^2+z (mod z^8+1), z^7+z^5+z^4 (mod z^8+1), z^7+z^5+z^4+z^3 (mod z^8+1)]]"
"(2.3656561462602392e-05, 0.00011458789062500363)","[[z^5+z^4+z^3 (mod z^8+1), z^7+z^6+z^4+z^2+z (mod z^8+1), z^7+z^5+z^4+z^3 (mod z^8+1)]]"
"(2.3494824346856522e-05, 0.00010420507812498869)","[[z^3+z^2+z (mod z^8+1), z^6+z^4+z^3+z+1 (mod z^8+1), z^7+z^5+z^4+z^3 (mod z^8+1)]]"
"(2.4215109353320789e-05, 0.00011816406249966216)","[[z^5+z^3+1 (mod z^8+1), z^7+z^6+z^2+z+1 (mod z^8+1), z^6+z^4+z^3+1 (mod z^8+1)]]"
"(2.2843610979675007e-05, 0.00012687695312540992)","[[z^7+z^5+z^2 (mod z^8+1), z^7+z^6+z^5+z^4+1 (mod z^8+1), z^5+z^2+z+1 (mod z^8+1)]]"
"(3.8167775055983676e-05, 0.00011995312500001631)","[[z^4+z^3+z^2+z+1 (mod z^8+1), z^6+z^3+z (mod z^8+1), z^7+z^3+z+1 (mod z^8+1)]]"
"(3.0459914584068592e-05, 0.00011779687500068636)","[[z^4+z^3+z^2+z+1 (mod z^8+1), z^6+z^3+z (mod z^8+1), z^7+z^5+z+1 (mod z^8+1)]]"
"(1.8261215212772137e-05, 0.00011061132812492658)","[[z^5+z^4+z^3+z^2+1 (mod z^8+1), z^6+z^5+z^3 (mod z^8+1), z^4+z^2+z+1 (mod z^8+1)]]"
"(2.3501010873242422e-05, 0.00011807226562475515)","[[z^5+z^3+z^2 (mod z^8+1), z^6+z^5+z^4+z^3+1 (mod z^8+1), z^6+z^4+z^3+z^2 (mod z^8+1)]]"
"(1.9502450250535068e-05, 0.00011973828124961505)","[[z^7+z^2+z (mod z^8+1), z^7+z^6+z^4+z+1 (mod z^8+1), z^7+z^3+z^2+z (mod z^8+1)]]"
"(1.9978355808084165e-05, 0.00012545507812516954)","[[z^7+z^5+z^4+z^2+1 (mod z^8+1), z^7+z^6+z^5 (mod z^8+1), z^7+z^5+z^4+1 (mod z^8+1)]]"
"(4.5481670837031785e-05, 0.00014032421874887735)","[[z^6+z^3+z^2+z+1 (mod z^8+1), z^7+z^5+1 (mod z^8+1), z^7+z^5+z^2+z (mod z^8+1)]]"
"(1.8791900509155593e-05, 0.00011508398437559686)","[[z^6+z^3+z^2+z+1 (mod z^8+1), z^7+z^5+1 (mod z^8+1), z^7+z^4+z^3+z (mod z^8+1)]]"
"(2.25840390174288e-05, 0.00012964062500120388)","[[z^7+z^5+z^4+z^2+1 (mod z^8+1), z^7+z^6+z^5 (mod z^8+1), z^7+z^5+z^2+z (mod z^8+1)]]"
"(2.642973917144065e-05, 0.00010801171874987026)","[[z^3+z^2+z (mod z^8+1), z^6+z^4+z^3+z+1 (mod z^8+1), z^7+z^5+z^4+1 (mod z^8+1)]]"
"(2.4834472690858816e-05, 0.00012932617187577655)","[[z^7+z^5+z^4+z^2+1 (mod z^8+1), z^7+z^6+z^5 (mod z^8+1), z^6+z^5+z^3+z (mod z^8+1)]]"
"(3.1720261892714751e-05, 0.00012856835937502531)","[[z^6+z^5+z^4+z^3+z^2 (mod z^8+1), z^7+z^4+z (mod z^8+1), z^7+z^6+z^2+1 (mod z^8+1)]]"
"(2.0472202341841748e-05, 0.00011633984375020168)","[[z^6+z^3+z^2+z+1 (mod z^8+1), z^7+z^5+1 (mod z^8+1), z^6+z^3+z^2+1 (mod z^8+1)]]"
"(2.3821170860264506e-05, 0.00012717968749978437)","[[z^7+z^2+z (mod z^8+1), z^7+z^6+z^4+z+1 (mod z^8+1), z^5+z^3+z+1 (mod z^8+1)]]"
"(1.9645192637225045e-05, 0.0001199375000002223)","[[z^7+z^5+z^2 (mod z^8+1), z^7+z^6+z^5+z^4+1 (mod z^8+1), z^7+z^6+z^4+z^2 (mod z^8+1)]]"
"(2.2450183226403715e-05, 0.00012212890624968553)","[[z^7+z^5+z^2 (mod z^8+1), z^7+z^6+z^5+z^4+1 (mod z^8+1), z^7+z^3+z^2+1 (mod z^8+1)]]"
"(2.6241862388968872e-05, 0.00012946289062515381)","[[z^7+z^5+z^4+z^2+1 (mod z^8+1), z^7+z^6+z^5 (mod z^8+1), z^7+z^3+z^2+1 (mod z^8+1)]]"
"(2.3044721744626881e-05, 0.00012809570312505292)","[[z^7+z^5+z^4+z^2+1 (mod z^8+1), z^7+z^6+z^5 (mod z^8+1), z^5+z^4+z^3+z (mod z^8+1)]]"
"(2.2309587902522396e-05, 0.00012642968749959627)","[[z^7+z^4+z^2+z+1 (mod z^8+1), z^7+z^6+z (mod z^8+1), z^6+z^3+z^2+z (mod z^8+1)]]"
"(3.9456159962054117e-05, 0.00011693359375002793)","[[z^3+z^2+z (mod z^8+1), z^6+z^4+z^3+z+1 (mod z^8+1), z^7+z^6+z^2+1 (mod z^8+1)]]"
"(2.3218807502794849e-05, 0.00011591015625006529)","[[z^5+z^4+z^3 (mod z^8+1), z^7+z^6+z^4+z^2+z (mod z^8+1), z^7+z^5+z^3+1 (mod z^8+1)]]"
"(2.1492281126750527e-05, 0.00012439257812457694)","[[z^7+z^2+z (mod z^8+1), z^7+z^6+z^4+z+1 (mod z^8+1), z^7+z^6+z^4+z^3 (mod z^8+1)]]"
"(2.2053020050899791e-05, 0.00011360937499989288)","[[z^5+z^4+z^3 (mod z^8+1), z^7+z^6+z^4+z^2+z (mod z^8+1), z^5+z^4+z^3+z (mod z^8+1)]]"
"(2.1817421082662094e-05, 0.00012148828124985966)","[[z^6+z^4+z^3+z^2+z (mod z^8+1), z^7+z^5+z^4 (mod z^8+1), z^7+z^6+z^5+z^3 (mod z^8+1)]]"
"(2.1844097086247139e-05, 0.00012622851562527071)","[[z^7+z^5+z^4+z^2+1 (mod z^8+1), z^7+z^6+z^5 (mod z^8+1), z^7+z^6+z^2+z (mod z^8+1)]]"
"(2.0683896491550258e-05, 0.00012452539062468571)","[[z^7+z^5+z^4+z^2+1 (mod z^8+1), z^7+z^6+z^5 (mod z^8+1), z^7+z^4+z^3+z (mod z^8+1)]]"
"(2.3798957558370986e-05, 0.00012376562500099331)","[[z^6+z^3+z^2+z+1 (mod z^8+1), z^7+z^5+1 (mod z^8+1), z^7+z^6+z^5+z (mod z^8+1)]]"
"(2.0366442795831137e-05, 0.00012178125000100737)","[[z^7+z^4+z^2+z+1 (mod z^8+1), z^7+z^6+z (mod z^8+1), z^6+z^3+z^2+1 (mod z^8+1)]]"
"(3.5302594494865996e-05, 0.00014908984374989442)","[[z^6+z^4+z^3+z^2+z (mod z^8+1), z^7+z^5+z^4 (mod z^8+1), z^6+z^5+z^2+1 (mod z^8+1)]]"
"(2.318520424069188e-05, 0.00011662890624992983)","[[z^5+z^3+1 (mod z^8+1), z^7+z^6+z^2+z+1 (mod z^8+1), z^7+z^5+z^4+z (mod z^8+1)]]"
"(2.6510901169705677e-05, 0.00013139062500072685)","[[z^7+z^5+z^4+z^2+1 (mod z^8+1), z^7+z^6+z^5 (mod z^8+1), z^5+z^3+z+1 (mod z^8+1)]]"
"(2.9025540844437558e-05, 0.00012428710937489873)","[[z^6+z^4+z^3+z^2+z (mod z^8+1), z^7+z^5+z^4 (mod z^8+1), z^7+z^5+z^3+1 (mod z^8+1)]]"
"(2.9995140190643772e-05, 0.00011860156250000087)","[[z^5+z^4+z^3 (mod z^8+1), z^7+z^6+z^4+z^2+z (mod z^8+1), z^7+z^3+z+1 (mod z^8+1)]]"
"(1.8422383567741338e-05, 0.0001133984375000785)","[[z^5+z^4+z^3+z^2+1 (mod z^8+1), z^6+z^5+z^3 (mod z^8+1), z^6+z^5+z^4+z (mod z^8+1)]]"
"(2.049979447067712e-05, 0.00011640820312519562)","[[z^6+z^3+z^2+z+1 (mod z^8+1), z^7+z^5+1 (mod z^8+1), z^5+z^3+z+1 (mod z^8+1)]]"
"(3.9255165295809554e-05, 0.00013347265625057725)","[[z^6+z^5+z^4+z^3+z^2 (mod z^8+1), z^7+z^4+z (mod z^8+1), z^6+z^4+z^2+z (mod z^8+1)]]"
"(4.1949337466557771e-05, 0.00015965039062454389)","[[z^6+z^4+z^3+z^2+z (mod z^8+1), z^7+z^5+z^4 (mod z^8+1), z^6+z^4+z^3+z^2 (mod z^8+1)]]"
"(2.5993583988000194e-05, 0.00011438476562485728)","[[z^4+z^3+z (mod z^8+1), z^7+z^6+z^5+z^4+z^2 (mod z^8+1), z^7+z^5+z+1 (mod z^8+1)]]"
"(3.0764620150928445e-05, 0.00010744531249993333)","[[z^3+z^2+z (mod z^8+1), z^6+z^4+z^3+z+1 (mod z^8+1), z^7+z^6+z^5+z (mod z^8+1)]]"
"(2.8003904887817162e-05, 0.0001165078124998678)","[[z^4+z^3+z (mod z^8+1), z^7+z^6+z^5+z^4+z^2 (mod z^8+1), z^7+z^4+z^2+1 (mod z^8+1)]]"
"(2.2956475829729512e-05, 0.00012366601562507906)","[[z^7+z^4+z^2+z+1 (mod z^8+1), z^7+z^6+z (mod z^8+1), z^7+z^5+z^4+1 (mod z^8+1)]]"
"(6.9212346247927954e-05, 0.00012981054687506016)","[[z^3+z^2+z (mod z^8+1), z^6+z^4+z^3+z+1 (mod z^8+1), z^7+z^3+z^2+1 (mod z^8+1)]]"
"(1.9900322192007485e-05, 0.00012159179687509791)","[[z^7+z^2+z (mod z^8+1), z^7+z^6+z^4+z+1 (mod z^8+1), z^7+z^5+z^3+1 (mod z^8+1)]]"
"(2.8561457175272814e-05, 0.00012271875000013921)","[[z^6+z^3+z^2+z+1 (mod z^8+1), z^7+z^5+1 (mod z^8+1), z^7+z^3+z^2+z (mod z^8+1)]]"
"(2.8733790264538149e-05, 0.00012540039062508557)","[[z^6+z^3+z^2+z+1 (mod z^8+1), z^7+z^5+1 (mod z^8+1), z^7+z^6+z^4+z^2 (mod z^8+1)]]"
"(2.29094685674759e-05, 0.00012137499999986812)","[[z^6+z^5+z^3+z^2+1 (mod z^8+1), z^7+z+1 (mod z^8+1), z^6+z^2+z+1 (mod z^8+1)]]"
"(2.3317984009981289e-05, 0.00012423828125027181)","[[z^7+z^2+z (mod z^8+1), z^7+z^6+z^4+z+1 (mod z^8+1), z^7+z^5+z^4+1 (mod z^8+1)]]"
"(2.1122409639004157e-05, 0.00011400781249998326)","[[z^5+z^4+z^3+z^2+1 (mod z^8+1), z^6+z^5+z^3 (mod z^8+1), z^7+z^5+z^4+1 (mod z^8+1)]]"
"(2.5335665202270766e-05, 0.0001125800781249936)","[[z^4+z^3+z (mod z^8+1), z^7+z^6+z^5+z^4+z^2 (mod z^8+1), z^7+z^6+z^5+z (mod z^8+1)]]"
"(2.2655716251769479e-05, 0.00011915234374987316)","[[z^6+z^5+z^4+z^3+z^2 (mod z^8+1), z^7+z^4+z (mod z^8+1), z^6+z^4+z^3+1 (mod z^8+1)]]"
"(4.623331389602668e-05, 0.00014333398437460509)","[[z^7+z^4+z^2+z+1 (mod z^8+1), z^7+z^6+z (mod z^8+1), z^5+z^4+z^2+z (mod z^8+1)]]"
"(2.735972496512267e-05, 0.00012098828125026162)","[[z^5+z^4+z^3 (mod z^8+1), z^7+z^6+z^4+z^2+z (mod z^8+1), z^7+z^4+z^2+1 (mod z^8+1)]]"
"(2.4110534363273775e-05, 0.00010387304687498392)","[[z^3+z^2+z (mod z^8+1), z^6+z^4+z^3+z+1 (mod z^8+1), z^5+z^3+z^2+z (mod z^8+1)]]"
"(2.4537292047261716e-05, 0.00011096289062512144)","[[z^4+z^3+z (mod z^8+1), z^7+z^6+z^5+z^4+z^2 (mod z^8+1), z^7+z^6+z^5+z^3 (mod z^8+1)]]"
"(2.8255866327729067e-05, 0.00011377343749999907)","[[z^4+z^3+z (mod z^8+1), z^7+z^6+z^5+z^4+z^2 (mod z^8+1), z^5+z^3+z+1 (mod z^8+1)]]"
"(3.2262002057181042e-05, 0.0001288632812497803)","[[z^7+z^5+z^2 (mod z^8+1), z^7+z^6+z^5+z^4+1 (mod z^8+1), z^7+z^6+z^3+z (mod z^8+1)]]"
"(2.4567903968497781e-05, 0.00013028320312469255)","[[z^7+z^5+z^4+z^2+1 (mod z^8+1), z^7+z^6+z^5 (mod z^8+1), z^6+z^5+z^4+z (mod z^8+1)]]"
"(2.1014931501943318e-05, 0.00012261523437517852)","[[z^6+z^5+z^4+z^3+z^2 (mod z^8+1), z^7+z^4+z (mod z^8+1), z^7+z^6+z^5+z (mod z^8+1)]]"
"(2.2031810910472271e-05, 0.00012586132812508755)","[[z^7+z^5+z^2 (mod z^8+1), z^7+z^6+z^5+z^4+1 (mod z^8+1), z^4+z^3+z^2+1 (mod z^8+1)]]"
"(1.7834975775967011e-05, 0.0001108300781251792)","[[z^5+z^4+z^3+z^2+1 (mod z^8+1), z^6+z^5+z^3 (mod z^8+1), z^6+z^3+z^2+z (mod z^8+1)]]"
"(2.5347757006305443e-05, 0.00011825195312487047)","[[z^5+z^3+z^2 (mod z^8+1), z^6+z^5+z^4+z^3+1 (mod z^8+1), z^7+z^6+z^2+1 (mod z^8+1)]]"
"(2.4903223866318853e-05, 0.0001174277343750918)","[[z^5+z^3+z^2 (mod z^8+1), z^6+z^5+z^4+z^3+1 (mod z^8+1), z^6+z^5+z^3+z^2 (mod z^8+1)]]"
"(2.3498268794325764e-05, 0.00011573242187486177)","[[z^5+z^3+z^2 (mod z^8+1), z^6+z^5+z^4+z^3+1 (mod z^8+1), z^5+z^2+z+1 (mod z^8+1)]]"
"(2.7232869424526635e-05, 0.00010804101562502007)","[[z^3+z+1 (mod z^8+1), z^7+z^6+z^5+z^2+1 (mod z^8+1), z^6+z^4+z^3+1 (mod z^8+1)]]"
"(2.7341646054647484e-05, 0.00010735742187498697)","[[z^3+z+1 (mod z^8+1), z^7+z^6+z^5+z^2+1 (mod z^8+1), z^6+z^4+z+1 (mod z^8+1)]]"
"(2.6724340378366596e-05, 0.00012607031249994849)","[[z^7+z^4+z^2+z+1 (mod z^8+1), z^7+z^6+z (mod z^8+1), z^6+z^5+z^3+z (mod z^8+1)]]"
"(2.2659576718866817e-05, 0.0001144082031249577)","[[z^5+z^3+z^2 (mod z^8+1), z^6+z^5+z^4+z^3+1 (mod z^8+1), z^6+z^4+z^2+z (mod z^8+1)]]"
"(2.3415105104664472e-05, 0.00011454882812471368)","[[z^5+z^3+1 (mod z^8+1), z^7+z^6+z^2+z+1 (mod z^8+1), z^6+z^5+z^4+z^2 (mod z^8+1)]]"
"(2.2660119466762678e-05, 0.00010979882812464647)","[[z^4+z^3+z^2+z+1 (mod z^8+1), z^6+z^3+z (mod z^8+1), z^5+z^4+z^2+1 (mod z^8+1)]]"
"(2.5502091565051406e-05, 0.00011927734374971022)","[[z^5+z^3+z^2 (mod z^8+1), z^6+z^5+z^4+z^3+1 (mod z^8+1), z^7+z^6+z^5+z^2 (mod z^8+1)]]"
"(3.4238282753760679e-05, 0.00011993945312507859)","[[z^5+z^4+z^3+z^2+1 (mod z^8+1), z^6+z^5+z^3 (mod z^8+1), z^7+z^5+z^2+z (mod z^8+1)]]"
"(3.3074515569789242e-05, 0.00012993554687495967)","[[z^6+z^3+z^2+z+1 (mod z^8+1), z^7+z^5+1 (mod z^8+1), z^4+z^2+z+1 (mod z^8+1)]]"
"(2.1790780170740107e-05, 0.00011868164062478481)","[[z^6+z^3+z^2+z+1 (mod z^8+1), z^7+z^5+1 (mod z^8+1), z^6+z^5+z^4+1 (mod z^8+1)]]"
"(2.2095339792423139e-05, 0.00013105468750079785)","[[z^7+z^5+z^4+z^2+1 (mod z^8+1), z^7+z^6+z^5 (mod z^8+1), z^6+z^2+z+1 (mod z^8+1)]]"
"(2.4061947585810998e-05, 0.00010441601562505287)","[[z^3+z^2+z (mod z^8+1), z^6+z^4+z^3+z+1 (mod z^8+1), z^7+z^6+z^5+z^3 (mod z^8+1)]]"
"(1.8295948347411593e-05, 0.0001115214843750989)","[[z^5+z^4+z^3+z^2+1 (mod z^8+1), z^6+z^5+z^3 (mod z^8+1), z^7+z^6+z^4+z^3 (mod z^8+1)]]"
"(2.7100497240554851e-05, 0.0001157265624999182)","[[z^4+z^3+z (mod z^8+1), z^7+z^6+z^5+z^4+z^2 (mod z^8+1), z^7+z^4+z^3+z (mod z^8+1)]]"
"(2.6739549467198557e-05, 0.00010621289062502648)","[[z^3+z+1 (mod z^8+1), z^7+z^6+z^5+z^2+1 (mod z^8+1), z^7+z^6+z^5+z (mod z^8+1)]]"
"(2.2117242606255067e-05, 0.00011379882812539988)","[[z^5+z^4+z^3 (mod z^8+1), z^7+z^6+z^4+z^2+z (mod z^8+1), z^7+z^6+z^2+1 (mod z^8+1)]]"
"(2.1615005918287194e-05, 0.00012268359374961735)","[[z^7+z^2+z (mod z^8+1), z^7+z^6+z^4+z+1 (mod z^8+1), z^7+z^6+z^5+z^3 (mod z^8+1)]]"
"(2.4371791452346034e-05, 0.00011090039062508494)","[[z^4+z^3+z (mod z^8+1), z^7+z^6+z^5+z^4+z^2 (mod z^8+1), z^6+z^5+z^4+z^2 (mod z^8+1)]]"
"(2.0782728742146267e-05, 0.00010924218749985837)","[[z^4+z^3+z^2+z+1 (mod z^8+1), z^6+z^3+z (mod z^8+1), z^7+z^6+z^3+z (mod z^8+1)]]"
"(2.7188466372760087e-05, 0.00012901367187534429)","[[z^7+z^5+z^2 (mod z^8+1), z^7+z^6+z^5+z^4+1 (mod z^8+1), z^7+z^5+z^4+z^3 (mod z^8+1)]]"
"(1.9906896560184121e-05, 0.00012030078124969368)","[[z^6+z^4+z^3+z^2+z (mod z^8+1), z^7+z^5+z^4 (mod z^8+1), z^7+z^4+z^2+1 (mod z^8+1)]]"
"(4.3808164765020859e-05, 0.00013610351562454159)","[[z^6+z^5+z^4+z^3+z^2 (mod z^8+1), z^7+z^4+z (mod z^8+1), z^7+z^5+z^2+z (mod z^8+1)]]"
"(2.779433192408889e-05, 0.00011331640624973049)","[[z^4+z^3+z^2+z+1 (mod z^8+1), z^6+z^3+z (mod z^8+1), z^6+z^3+z^2+1 (mod z^8+1)]]"
"(2.1919171014803855e-05, 0.00011686328124987932)","[[z^5+z^3+z^2 (mod z^8+1), z^6+z^5+z^4+z^3+1 (mod z^8+1), z^7+z^6+z^4+1 (mod z^8+1)]]"
"(2.5628167603258548e-05, 0.00011206054687491751)","[[z^4+z^3+z (mod z^8+1), z^7+z^6+z^5+z^4+z^2 (mod z^8+1), z^6+z^5+z^4+1 (mod z^8+1)]]"
"(2.1695771061301503e-05, 0.0001247265624996774)","[[z^7+z^2+z (mod z^8+1), z^7+z^6+z^4+z+1 (mod z^8+1), z^5+z^4+z^3+1 (mod z^8+1)]]"
"(2.3499828581385036e-05, 0.00011739062499988018)","[[z^5+z^3+1 (mod z^8+1), z^7+z^6+z^2+z+1 (mod z^8+1), z^7+z^6+z^5+z (mod z^8+1)]]"
"(3.9141292409224116e-05, 0.00013554687499947593)","[[z^7+z^5+z^2 (mod z^8+1), z^7+z^6+z^5+z^4+1 (mod z^8+1), z^6+z^5+z^4+z^2 (mod z^8+1)]]"
"(2.3933797365664086e-05, 0.00011687695312499746)","[[z^5+z^4+z^3 (mod z^8+1), z^7+z^6+z^4+z^2+z (mod z^8+1), z^6+z^5+z^2+1 (mod z^8+1)]]"
"(2.6091498473134912e-05, 0.00011673242187511951)","[[z^4+z^3+z (mod z^8+1), z^7+z^6+z^5+z^4+z^2 (mod z^8+1), z^6+z^4+z^2+z (mod z^8+1)]]"
"(2.5124306968231086e-05, 0.00011972460937520468)","[[z^5+z^4+z^3 (mod z^8+1), z^7+z^6+z^4+z^2+z (mod z^8+1), z^7+z^5+z^4+z (mod z^8+1)]]"
"(1.9309755000757643e-05, 0.00010877343750015367)","[[z^4+z^3+z^2+z+1 (mod z^8+1), z^6+z^3+z (mod z^8+1), z^7+z^4+z+1 (mod z^8+1)]]"
"(2.0928734973969926e-05, 0.00012715234375143547)","[[z^7+z^4+z^2+z+1 (mod z^8+1), z^7+z^6+z (mod z^8+1), z^6+z^4+z^3+1 (mod z^8+1)]]"
"(1.9818271891502272e-05, 0.00012490234374945564)","[[z^7+z^4+z^2+z+1 (mod z^8+1), z^7+z^6+z (mod z^8+1), z^7+z^5+z+1 (mod z^8+1)]]"
"(1.9988749486856342e-05, 0.00011161132812510799)","[[z^5+z^3+z^2 (mod z^8+1), z^6+z^5+z^4+z^3+1 (mod z^8+1), z^4+z^3+z+1 (mod z^8+1)]]"
"(2.0523470213629152e-05, 0.00012313281249981545)","[[z^6+z^3+z^2+z+1 (mod z^8+1), z^7+z^5+1 (mod z^8+1), z^7+z^6+z^3+z (mod z^8+1)]]"
"(2.1274848949999631e-05, 0.00011642382812508678)","[[z^5+z^3+z^2 (mod z^8+1), z^6+z^5+z^4+z^3+1 (mod z^8+1), z^5+z^4+z^3+z (mod z^8+1)]]"
"(4.7948152513819312e-05, 0.00014186718750053284)","[[z^6+z^5+z^4+z^3+z^2 (mod z^8+1), z^7+z^4+z (mod z^8+1), z^7+z^6+z^4+z^2 (mod z^8+1)]]"
"(3.2899730069636105e-05, 0.00012882226562438426)","[[z^6+z^5+z^3+z^2+1 (mod z^8+1), z^7+z+1 (mod z^8+1), z^7+z^6+z^5+z (mod z^8+1)]]"
"(1.9184185127227531e-05, 0.00011754687500020733)","[[z^6+z^5+z^4+z^3+z^2 (mod z^8+1), z^7+z^4+z (mod z^8+1), z^7+z^4+z^2+1 (mod z^8+1)]]"
"(4.2043733579345635e-05, 0.00012356445312506834)","[[z^3+z^2+z (mod z^8+1), z^6+z^4+z^3+z+1 (mod z^8+1), z^5+z^4+z^3+1 (mod z^8+1)]]"
"(2.2922361528569788e-05, 0.00013066210937467959)","[[z^7+z^5+z^4+z^2+1 (mod z^8+1), z^7+z^6+z^5 (mod z^8+1), z^7+z^6+z^4+z^2 (mod z^8+1)]]"
"(3.1180943657558598e-05, 0.00013020898437476891)","[[z^7+z^4+z^2+z+1 (mod z^8+1), z^7+z^6+z (mod z^8+1), z^7+z^4+z^3+z (mod z^8+1)]]"
"(2.4955854578310322e-05, 0.00011170312500002194)","[[z^4+z^3+z (mod z^8+1), z^7+z^6+z^5+z^4+z^2 (mod z^8+1), z^6+z^4+z+1 (mod z^8+1)]]"
"(2.7320137056183676e-05, 0.00011868945312477897)","[[z^4+z^3+z (mod z^8+1), z^7+z^6+z^5+z^4+z^2 (mod z^8+1), z^7+z^6+z^4+z^2 (mod z^8+1)]]"
"(3.5265761671464963e-05, 0.00013027929687431383)","[[z^6+z^5+z^4+z^3+z^2 (mod z^8+1), z^7+z^4+z (mod z^8+1), z^4+z^3+z^2+1 (mod z^8+1)]]"
"(2.364708884064246e-05, 0.0001168105468748043)","[[z^5+z^3+1 (mod z^8+1), z^7+z^6+z^2+z+1 (mod z^8+1), z^6+z^5+z^3+z (mod z^8+1)]]"
"(2.3870541700536014e-05, 0.00011964648437501335)","[[z^5+z^3+1 (mod z^8+1), z^7+z^6+z^2+z+1 (mod z^8+1), z^7+z^5+z^3+1 (mod z^8+1)]]"
"(2.7406685385200717e-05, 0.00012014843750000198)","[[z^4+z^3+z (mod z^8+1), z^7+z^6+z^5+z^4+z^2 (mod z^8+1), z^6+z^2+z+1 (mod z^8+1)]]"
"(2.2951916397212313e-05, 0.00011585156250011608)","[[z^5+z^3+1 (mod z^8+1), z^7+z^6+z^2+z+1 (mod z^8+1), z^5+z^4+z^3+z (mod z^8+1)]]"
"(2.6715320674952335e-05, 0.00011294921874999142)","[[z^4+z^3+z (mod z^8+1), z^7+z^6+z^5+z^4+z^2 (mod z^8+1), z^7+z^3+z+1 (mod z^8+1)]]"
"(2.2269568934769847e-05, 0.0001122070312502832)","[[z^5+z^4+z^3+z^2+1 (mod z^8+1), z^6+z^5+z^3 (mod z^8+1), z^6+z^4+z^3+z^2 (mod z^8+1)]]"
"(2.2311688833595602e-05, 0.00012679492187550601)","[[z^7+z^4+z^2+z+1 (mod z^8+1), z^7+z^6+z (mod z^8+1), z^6+z^5+z+1 (mod z^8+1)]]"
"(2.7509097172548129e-05, 0.00012158593749989066)","[[z^6+z^5+z^3+z^2+1 (mod z^8+1), z^7+z+1 (mod z^8+1), z^7+z^6+z^3+z (mod z^8+1)]]"
"(2.3379728196025348e-05, 0.00011834179687500446)","[[z^5+z^3+1 (mod z^8+1), z^7+z^6+z^2+z+1 (mod z^8+1), z^7+z^6+z^4+1 (mod z^8+1)]]"
"(2.7660398079526949e-05, 0.00010649414062499293)","[[z^3+z+1 (mod z^8+1), z^7+z^6+z^5+z^2+1 (mod z^8+1), z^7+z^5+z^4+z^3 (mod z^8+1)]]"
"(2.8244562486246162e-05, 0.00013135156249977076)","[[z^7+z^5+z^4+z^2+1 (mod z^8+1), z^7+z^6+z^5 (mod z^8+1), z^6+z^4+z+1 (mod z^8+1)]]"
"(2.2839447910349719e-05, 0.00012960937500025582)","[[z^7+z^2+z (mod z^8+1), z^7+z^6+z^4+z+1 (mod z^8+1), z^7+z^6+z^3+1 (mod z^8+1)]]"
"(2.3683746765232683e-05, 0.00011761718750008532)","[[z^5+z^3+z^2 (mod z^8+1), z^6+z^5+z^4+z^3+1 (mod z^8+1), z^7+z^5+z+1 (mod z^8+1)]]"
"(1.9894264625246279e-05, 0.00012477148437545216)","[[z^7+z^4+z^2+z+1 (mod z^8+1), z^7+z^6+z (mod z^8+1), z^6+z^5+z^2+1 (mod z^8+1)]]"
"(1.9453765049578317e-05, 0.00011135937499998083)","[[z^5+z^4+z^3+z^2+1 (mod z^8+1), z^6+z^5+z^3 (mod z^8+1), z^6+z^5+z^3+z (mod z^8+1)]]"
"(5.8545483766483506e-05, 0.00016847656249968646)","[[z^7+z^4+z^2+z+1 (mod z^8+1), z^7+z^6+z (mod z^8+1), z^6+z^4+z^2+z (mod z^8+1)]]"
"(1.8497534921833309e-05, 0.00011935546874913827)","[[z^7+z^5+z^4+z^2+1 (mod z^8+1), z^7+z^6+z^5 (mod z^8+1), z^5+z^2+z+1 (mod z^8+1)]]"
"(1.9224393285805782e-05, 0.00012094726562475455)","[[z^7+z^5+z^2 (mod z^8+1), z^7+z^6+z^5+z^4+1 (mod z^8+1), z^6+z^4+z^3+1 (mod z^8+1)]]"
"(4.0072626176166832e-05, 0.00012592968749995659)","[[z^5+z^3+z^2 (mod z^8+1), z^6+z^5+z^4+z^3+1 (mod z^8+1), z^6+z^4+z+1 (mod z^8+1)]]"
"(2.2166129036445985e-05, 0.0001120917968750329)","[[z^5+z^3+1 (mod z^8+1), z^7+z^6+z^2+z+1 (mod z^8+1), z^6+z^5+z^4+1 (mod z^8+1)]]"
"(3.5070059058576803e-05, 0.00011861328124979087)","[[z^4+z^3+z^2+z+1 (mod z^8+1), z^6+z^3+z (mod z^8+1), z^7+z^6+z^5+z (mod z^8+1)]]"
"(2.0331600094694069e-05, 0.00011607031250016053)","[[z^5+z^4+z^3+z^2+1 (mod z^8+1), z^6+z^5+z^3 (mod z^8+1), z^7+z^3+z^2+z (mod z^8+1)]]"
"(1.9740574289291602e-05, 0.00011884960937555422)","[[z^7+z^2+z (mod z^8+1), z^7+z^6+z^4+z+1 (mod z^8+1), z^6+z^5+z^3+z (mod z^8+1)]]"
"(2.4424727670485996e-05, 0.00011069531249999903)","[[z^4+z^3+z (mod z^8+1), z^7+z^6+z^5+z^4+z^2 (mod z^8+1), z^6+z^3+z^2+1 (mod z^8+1)]]"
"(2.0498078697085367e-05, 0.00012752539062532708)","[[z^7+z^5+z^4+z^2+1 (mod z^8+1), z^7+z^6+z^5 (mod z^8+1), z^7+z^4+z^3+z^2 (mod z^8+1)]]"
"(4.4835765294951874e-05, 0.00013235937499939121)","[[z^6+z^5+z^3+z^2+1 (mod z^8+1), z^7+z+1 (mod z^8+1), z^7+z^5+z^4+z^3 (mod z^8+1)]]"
"(2.0316283357968172e-05, 0.00012163476562510045)","[[z^7+z^2+z (mod z^8+1), z^7+z^6+z^4+z+1 (mod z^8+1), z^7+z^5+z+1 (mod z^8+1)]]"
"(2.3801096350689899e-05, 0.00011687500000004403)","[[z^5+z^3+1 (mod z^8+1), z^7+z^6+z^2+z+1 (mod z^8+1), z^6+z^4+z^2+z (mod z^8+1)]]"
"(1.8936671273984674e-05, 0.00011698828125011884)","[[z^6+z^4+z^3+z^2+z (mod z^8+1), z^7+z^5+z^4 (mod z^8+1), z^6+z^5+z^3+z (mod z^8+1)]]"
"(2.1656242866156176e-05, 0.00012926757812536938)","[[z^7+z^5+z^4+z^2+1 (mod z^8+1), z^7+z^6+z^5 (mod z^8+1), z^5+z^3+z^2+z (mod z^8+1)]]"
"(2.3164080944197051e-05, 0.00011608593750007945)","[[z^5+z^3+1 (mod z^8+1), z^7+z^6+z^2+z+1 (mod z^8+1), z^4+z^3+z^2+1 (mod z^8+1)]]"
"(2.874099696611755e-05, 0.00013325390624990829)","[[z^6+z^3+z^2+z+1 (mod z^8+1), z^7+z^5+1 (mod z^8+1), z^7+z^5+z^3+1 (mod z^8+1)]]"
"(2.1924931765086859e-05, 0.00011237304687523875)","[[z^5+z^3+1 (mod z^8+1), z^7+z^6+z^2+z+1 (mod z^8+1), z^4+z^2+z+1 (mod z^8+1)]]"
"(2.2675545309049318e-05, 0.00012226757812450195)","[[z^7+z^5+z^2 (mod z^8+1), z^7+z^6+z^5+z^4+1 (mod z^8+1), z^7+z^6+z^5+z^2 (mod z^8+1)]]"
"(3.4522735125505559e-05, 0.00013524023437372357)","[[z^7+z^4+z^2+z+1 (mod z^8+1), z^7+z^6+z (mod z^8+1), z^5+z^3+z^2+z (mod z^8+1)]]"
"(2.2658080475798913e-05, 0.00012638281249943706)","[[z^7+z^5+z^4+z^2+1 (mod z^8+1), z^7+z^6+z^5 (mod z^8+1), z^5+z^4+z^2+z (mod z^8+1)]]"
"(3.4767355502437243e-05, 0.00011188085937515607)","[[z^3+z^2+z (mod z^8+1), z^6+z^4+z^3+z+1 (mod z^8+1), z^6+z^5+z+1 (mod z^8+1)]]"
"(3.7617242209781646e-05, 0.00011745898437498688)","[[z^3+z+1 (mod z^8+1), z^7+z^6+z^5+z^2+1 (mod z^8+1), z^7+z^5+z+1 (mod z^8+1)]]"
"(3.0869772526918919e-05, 0.00013018359375005506)","[[z^7+z^5+z^4+z^2+1 (mod z^8+1), z^7+z^6+z^5 (mod z^8+1), z^7+z^6+z^3+z (mod z^8+1)]]"
"(4.525947155492836e-05, 0.00012940039062514508)","[[z^6+z^5+z^4+z^3+z^2 (mod z^8+1), z^7+z^4+z (mod z^8+1), z^7+z^4+z^3+z (mod z^8+1)]]"
"(1.8931816633454068e-05, 0.00011551953124955272)","[[z^6+z^5+z^3+z^2+1 (mod z^8+1), z^7+z+1 (mod z^8+1), z^7+z^5+z^2+z (mod z^8+1)]]"
"(2.3014294287296538e-05, 0.0001160214843752283)","[[z^5+z^3+z^2 (mod z^8+1), z^6+z^5+z^4+z^3+1 (mod z^8+1), z^6+z^2+z+1 (mod z^8+1)]]"
"(3.0098527729204563e-05, 0.00012143359374999774)","[[z^5+z^4+z^3 (mod z^8+1), z^7+z^6+z^4+z^2+z (mod z^8+1), z^4+z^3+z^2+1 (mod z^8+1)]]"
"(2.7389078431148906e-05, 0.00012487304687464063)","[[z^6+z^4+z^3+z^2+z (mod z^8+1), z^7+z^5+z^4 (mod z^8+1), z^7+z^5+z+1 (mod z^8+1)]]"
"(2.4252419813137301e-05, 0.00012560742187539553)","[[z^7+z^5+z^2 (mod z^8+1), z^7+z^6+z^5+z^4+1 (mod z^8+1), z^6+z^5+z+1 (mod z^8+1)]]"
"(2.5688321808169765e-05, 0.00011252734374993939)","[[z^4+z^3+z (mod z^8+1), z^7+z^6+z^5+z^4+z^2 (mod z^8+1), z^6+z^4+z^3+1 (mod z^8+1)]]"
"(2.1802977749255426e-05, 0.0001209433593747089)","[[z^7+z^2+z (mod z^8+1), z^7+z^6+z^4+z+1 (mod z^8+1), z^7+z^4+z^2+1 (mod z^8+1)]]"
"(4.8565754745580344e-05, 0.00013180664062473202)","[[z^5+z^4+z^3 (mod z^8+1), z^7+z^6+z^4+z^2+z (mod z^8+1), z^5+z^4+z^2+1 (mod z^8+1)]]"
"(2.6572193773517776e-05, 0.00011647656250003691)","[[z^5+z^3+z^2 (mod z^8+1), z^6+z^5+z^4+z^3+1 (mod z^8+1), z^7+z^5+z^4+z (mod z^8+1)]]"
"(4.3300528717389933e-05, 0.00011693945312493681)","[[z^3+z^2+z (mod z^8+1), z^6+z^4+z^3+z+1 (mod z^8+1), z^6+z^5+z^4+1 (mod z^8+1)]]"
"(1.9155714714142594e-05, 0.00011918750000061706)","[[z^7+z^4+z^2+z+1 (mod z^8+1), z^7+z^6+z (mod z^8+1), z^4+z^2+z+1 (mod z^8+1)]]"
"(2.0813693450007762e-05, 0.00012553320312447269)","[[z^7+z^4+z^2+z+1 (mod z^8+1), z^7+z^6+z (mod z^8+1), z^6+z^5+z^4+1 (mod z^8+1)]]"
"(2.0224291270547688e-05, 0.00012180859375032771)","[[z^7+z^5+z^2 (mod z^8+1), z^7+z^6+z^5+z^4+1 (mod z^8+1), z^6+z^3+z^2+z (mod z^8+1)]]"
